CREATE DATABASE IF NOT EXISTS `sanpedro`;

USE `sanpedro`;

SET foreign_key_checks = 0;

DROP TABLE IF EXISTS `sp_acciones_decesivas`;

CREATE TABLE `sp_acciones_decesivas` (
  `id_acciones_decesivas` int(11) NOT NULL AUTO_INCREMENT,
  `subjetivo` varchar(250) DEFAULT NULL,
  `objetivo` varchar(250) DEFAULT NULL,
  `analisis` varchar(250) DEFAULT NULL,
  `plan_accion` varchar(250) DEFAULT NULL,
  `id_cita` int(11) DEFAULT NULL,
  `creado_en` timestamp NOT NULL DEFAULT current_timestamp(),
  `actualizado_en` timestamp NULL DEFAULT NULL,
  PRIMARY KEY (`id_acciones_decesivas`),
  KEY `fk_acciones_decesivas_paciente` (`id_cita`),
  CONSTRAINT `fk_acciones_decesivas_paciente` FOREIGN KEY (`id_cita`) REFERENCES `sp_cita` (`id_cita`)
) ENGINE=InnoDB AUTO_INCREMENT=11 DEFAULT CHARSET=utf8;

INSERT INTO `sp_acciones_decesivas` VALUES (10,"el paciente lleva una contractura dental","restauracion","puede llegar a inflamarse","extraer ",6,"2021-07-05 04:13:30",NULL);


DROP TABLE IF EXISTS `sp_cita`;

CREATE TABLE `sp_cita` (
  `id_cita` int(11) NOT NULL AUTO_INCREMENT,
  `numero_cita` tinyint(4) DEFAULT NULL,
  `tipo_tratamiento` varchar(30) COLLATE utf8_spanish_ci DEFAULT NULL,
  `observacion` varchar(200) COLLATE utf8_spanish_ci DEFAULT NULL,
  `fecha` date NOT NULL,
  `hora_inicio` time NOT NULL,
  `hora_final` time NOT NULL,
  `id_paciente` int(11) NOT NULL,
  `id_odontologo` int(11) NOT NULL,
  `costo` varchar(10) COLLATE utf8_spanish_ci DEFAULT NULL,
  `estatus` enum('PENDIENTE','CANCELADA','ATENDIDA') COLLATE utf8_spanish_ci NOT NULL,
  `estado` tinyint(4) NOT NULL DEFAULT 1,
  `creado_en` timestamp NOT NULL DEFAULT current_timestamp(),
  `actualizado_en` timestamp NULL DEFAULT NULL,
  PRIMARY KEY (`id_cita`),
  KEY `fk_cita_paciente` (`id_paciente`),
  KEY `fk_cita_odontologo` (`id_odontologo`),
  CONSTRAINT `fk_cita_odontologo` FOREIGN KEY (`id_odontologo`) REFERENCES `sp_odontologo` (`id_odontologo`),
  CONSTRAINT `fk_cita_paciente` FOREIGN KEY (`id_paciente`) REFERENCES `sp_paciente` (`id_paciente`)
) ENGINE=InnoDB AUTO_INCREMENT=25 DEFAULT CHARSET=utf8 COLLATE=utf8_spanish_ci;

INSERT INTO `sp_cita` VALUES (6,2,"Restauracion","El paciente lleva una fisura en sus dientes","2021-06-17","14:00:00","14:30:00",16,14,"Gratuito","ATENDIDA",1,"2021-07-03 20:25:23","2021-07-03 20:25:36"),
(7,4,"Endodoncia","El paciente debe hacer un tratamiento de endodoncia","2021-06-01","08:00:00","08:30:00",16,15,"Gratuito","ATENDIDA",1,"2021-07-03 22:58:51","2021-07-03 22:59:20"),
(8,6,"Endodoncia","El paciente debe hacer un tratamiento de endodoncia","2021-06-10","08:00:00","08:30:00",16,15,"Gratuito","ATENDIDA",1,"2021-07-03 22:58:51","2021-07-03 22:59:56"),
(9,2,"Endodoncia","El paciente lleva tiene que someterse a una endodoncia","2021-06-03","11:00:00","11:30:00",17,14,"Gratuito","ATENDIDA",1,"2021-07-04 02:15:25","2021-07-04 02:15:36"),
(10,4,"Endodoncia","el paciente tiene infecciones en los dientes","2021-06-07","08:00:00","08:30:00",17,14,"Gratuito","ATENDIDA",1,"2021-07-04 02:17:11","2021-07-04 02:17:24"),
(11,6,"Cirujia Bucal","cirujia bucal","2021-06-21","10:30:00","14:00:00",17,15,"Gratuito","ATENDIDA",1,"2021-07-04 02:18:59","2021-07-04 02:19:11"),
(12,2,"Prevencion","prevencion","2021-06-15","14:00:00","14:30:00",18,14,"Gratuito","ATENDIDA",1,"2021-07-04 02:36:32","2021-07-04 02:36:44"),
(13,4,"Cirujia Bucal","cirugia bucal","2021-06-21","16:00:00","16:30:00",18,15,"Gratuito","ATENDIDA",1,"2021-07-04 02:46:03","2021-07-04 02:46:11"),
(14,2,"Prevencion","prevencion","2021-06-15","15:00:00","15:30:00",19,14,"Gratuito","ATENDIDA",1,"2021-07-04 02:51:06","2021-07-04 02:51:16"),
(15,3,"Prevencion","prevencion","2021-06-16","08:30:00","09:00:00",20,15,"Gratuito","ATENDIDA",1,"2021-07-04 02:52:22","2021-07-04 03:09:37"),
(16,2,"Periodoncia","periodoncia","2021-06-17","14:30:00","15:00:00",21,14,"Gratuito","ATENDIDA",1,"2021-07-04 03:09:26","2021-07-04 03:13:27"),
(17,2,"Prevencion","prevencion","2021-06-18","14:00:00","14:30:00",22,15,"Gratuito","ATENDIDA",1,"2021-07-04 03:12:54","2021-07-04 03:13:21"),
(18,4,"Restauracion","restauracion","2021-06-24","17:00:00","17:30:00",22,14,"Gratuito","ATENDIDA",1,"2021-07-04 03:14:34","2021-07-04 03:14:45"),
(19,2,"Prevencion","prevencion","2021-06-17","08:00:00","08:30:00",24,15,"Gratuito","ATENDIDA",1,"2021-07-04 03:34:39","2021-07-04 03:34:53"),
(20,4,"Restauracion","restauracion","2021-06-22","16:00:00","16:30:00",24,14,"Gratuito","ATENDIDA",1,"2021-07-04 03:35:43","2021-07-04 03:35:55"),
(21,2,"Prevencion","prevencion","2021-06-15","11:00:00","11:30:00",25,15,"Gratuito","ATENDIDA",1,"2021-07-04 03:43:27","2021-07-04 03:43:42"),
(22,4,"Cirujia Bucal","cirugia bucal al paciente","2021-06-29","16:00:00","16:30:00",25,14,"Gratuito","ATENDIDA",1,"2021-07-04 03:45:29","2021-07-04 03:45:37"),
(23,2,"Periodoncia","periodoncia","2021-06-18","10:00:00","10:30:00",26,14,"Gratuito","ATENDIDA",1,"2021-07-04 03:55:36","2021-07-04 03:55:47"),
(24,4,"Prevencion","hacer una prevencion de dientes","2021-06-21","16:30:00","17:00:00",26,15,"Gratuito","ATENDIDA",1,"2021-07-04 03:56:47","2021-07-04 03:56:58");


DROP TABLE IF EXISTS `sp_diagnostico`;

CREATE TABLE `sp_diagnostico` (
  `id_diagnostico` int(11) NOT NULL AUTO_INCREMENT,
  `tipo_diagnostico` varchar(100) DEFAULT NULL,
  `pieza_dentaria` varchar(100) DEFAULT NULL,
  `medida_preventiva` varchar(150) DEFAULT NULL,
  `acciones_curativas` varchar(250) DEFAULT NULL,
  `id_paciente` int(11) NOT NULL,
  `creado_en` timestamp NOT NULL DEFAULT current_timestamp(),
  `actualizado_en` timestamp NULL DEFAULT NULL,
  PRIMARY KEY (`id_diagnostico`),
  KEY `fk_diagnostico_paciente` (`id_paciente`),
  CONSTRAINT `fk_diagnostico_paciente` FOREIGN KEY (`id_paciente`) REFERENCES `sp_paciente` (`id_paciente`)
) ENGINE=InnoDB AUTO_INCREMENT=12 DEFAULT CHARSET=utf8;

INSERT INTO `sp_diagnostico` VALUES (2,"periodontitis apical cronica","pieza parietal derecho","ninguno","Restauracion",16,"2021-07-03 21:00:28",NULL),
(3,"Caries de dentina","permanente primer molar","fluor topico","Prevencion",17,"2021-07-04 02:27:49",NULL),
(4,"dientes sanos","molar superior izquierdo","fluor","Prevencion",18,"2021-07-04 02:40:44",NULL),
(5,"Acreciones En Los Dientes","pieza numero 34","fluor","Prevencion",19,"2021-07-04 02:56:27",NULL),
(6,"pulpititis","piezas 37 49","fluor topico","Prevencion",20,"2021-07-04 03:01:28",NULL),
(7,"Caries de dentina","pieza 78","profilaxis","Restauracion",21,"2021-07-04 03:18:11",NULL),
(8,"pulpititis","pieza 47","ninguno","Restauracion",23,"2021-07-04 03:27:10",NULL),
(9,"periodontitis apical cronica","pieza 45","ninguno","Restauracion",24,"2021-07-04 03:39:14",NULL),
(10,"Absceso Periapical Sin Fistula","pieza 29","ninguno","Cirugia bucal",25,"2021-07-04 03:49:14",NULL),
(11,"Caries de dentina","molar derecho","profilaxis","Extracion",16,"2021-07-05 04:11:28",NULL);


DROP TABLE IF EXISTS `sp_grupo`;

CREATE TABLE `sp_grupo` (
  `id_grupo` int(11) NOT NULL AUTO_INCREMENT,
  `nombre_grupo` varchar(50) COLLATE utf8_spanish_ci NOT NULL,
  `estado_grupo` tinyint(1) NOT NULL DEFAULT 1,
  `creado_en` timestamp NOT NULL DEFAULT current_timestamp(),
  `actualizado_en` timestamp NULL DEFAULT NULL,
  PRIMARY KEY (`id_grupo`)
) ENGINE=InnoDB AUTO_INCREMENT=4 DEFAULT CHARSET=utf8 COLLATE=utf8_spanish_ci;

INSERT INTO `sp_grupo` VALUES (1,"ADMINISTRADOR",1,"2021-02-15 11:55:05",NULL),
(2,"ODONTOLOGO",1,"2021-02-15 11:55:05",NULL),
(3,"PACIENTE",1,"2021-02-15 11:55:06",NULL);


DROP TABLE IF EXISTS `sp_grupo_usuario`;

CREATE TABLE `sp_grupo_usuario` (
  `id_grupo_usuario` int(11) NOT NULL AUTO_INCREMENT,
  `id_grupo` int(11) NOT NULL,
  `id_usuario` int(11) NOT NULL,
  `ip_usuario` varchar(30) COLLATE utf8_spanish_ci DEFAULT NULL,
  `navegador` varchar(100) COLLATE utf8_spanish_ci DEFAULT NULL,
  `creado_en` timestamp NOT NULL DEFAULT current_timestamp(),
  `actualizado_en` timestamp NULL DEFAULT NULL,
  PRIMARY KEY (`id_grupo_usuario`),
  KEY `fk_grupousuario_grupo` (`id_grupo`),
  KEY `fk_grupousuario_usuario` (`id_usuario`),
  CONSTRAINT `fk_grupousuario_grupo` FOREIGN KEY (`id_grupo`) REFERENCES `sp_grupo` (`id_grupo`),
  CONSTRAINT `fk_grupousuario_usuario` FOREIGN KEY (`id_usuario`) REFERENCES `sp_usuario` (`id_usuario`)
) ENGINE=InnoDB AUTO_INCREMENT=118 DEFAULT CHARSET=utf8 COLLATE=utf8_spanish_ci;

INSERT INTO `sp_grupo_usuario` VALUES (1,1,1,"127.0.0.1","Mozilla/5.0 (Windows NT 10.0; Win64; x64; rv:90.0) Gecko/20100101 Firefox/90.0","2021-02-15 12:04:34","2021-07-03 20:01:47"),
(14,2,14,"127.0.0.1","Mozilla/5.0 (Windows NT 10.0; Win64; x64) AppleWebKit/537.36 (KHTML, like Gecko) Chrome/91.0.4472.12","2021-07-03 20:09:36",NULL),
(15,2,15,"127.0.0.1","Mozilla/5.0 (Windows NT 10.0; Win64; x64) AppleWebKit/537.36 (KHTML, like Gecko) Chrome/91.0.4472.12","2021-07-03 20:12:56",NULL),
(16,3,16,"127.0.0.1","Mozilla/5.0 (Windows NT 10.0; Win64; x64) AppleWebKit/537.36 (KHTML, like Gecko) Chrome/91.0.4472.12","2021-07-03 20:22:31",NULL),
(17,3,17,"127.0.0.1","Mozilla/5.0 (Windows NT 10.0; Win64; x64) AppleWebKit/537.36 (KHTML, like Gecko) Chrome/91.0.4472.12","2021-07-04 02:13:13","2021-07-04 02:22:07"),
(18,3,18,"127.0.0.1","Mozilla/5.0 (Windows NT 10.0; Win64; x64) AppleWebKit/537.36 (KHTML, like Gecko) Chrome/91.0.4472.12","2021-07-04 02:34:27",NULL),
(19,3,19,"127.0.0.1","Mozilla/5.0 (Windows NT 10.0; Win64; x64) AppleWebKit/537.36 (KHTML, like Gecko) Chrome/91.0.4472.12","2021-07-04 02:48:11",NULL),
(20,3,20,"127.0.0.1","Mozilla/5.0 (Windows NT 10.0; Win64; x64) AppleWebKit/537.36 (KHTML, like Gecko) Chrome/91.0.4472.12","2021-07-04 02:49:54",NULL),
(21,3,21,"127.0.0.1","Mozilla/5.0 (Windows NT 10.0; Win64; x64) AppleWebKit/537.36 (KHTML, like Gecko) Chrome/91.0.4472.12","2021-07-04 03:04:12",NULL),
(22,3,22,"127.0.0.1","Mozilla/5.0 (Windows NT 10.0; Win64; x64) AppleWebKit/537.36 (KHTML, like Gecko) Chrome/91.0.4472.12","2021-07-04 03:06:14",NULL),
(23,3,23,"127.0.0.1","Mozilla/5.0 (Windows NT 10.0; Win64; x64) AppleWebKit/537.36 (KHTML, like Gecko) Chrome/91.0.4472.12","2021-07-04 03:08:23",NULL),
(24,3,24,"127.0.0.1","Mozilla/5.0 (Windows NT 10.0; Win64; x64) AppleWebKit/537.36 (KHTML, like Gecko) Chrome/91.0.4472.12","2021-07-04 03:33:37",NULL),
(25,3,25,"127.0.0.1","Mozilla/5.0 (Windows NT 10.0; Win64; x64) AppleWebKit/537.36 (KHTML, like Gecko) Chrome/91.0.4472.12","2021-07-04 03:42:20",NULL),
(26,3,26,"127.0.0.1","Mozilla/5.0 (Windows NT 10.0; Win64; x64) AppleWebKit/537.36 (KHTML, like Gecko) Chrome/91.0.4472.12","2021-07-04 03:54:36",NULL),
(27,3,27,"127.0.0.1","Mozilla/5.0 (Windows NT 10.0; Win64; x64) AppleWebKit/537.36 (KHTML, like Gecko) Chrome/91.0.4472.12","2021-07-04 19:05:41",NULL),
(28,3,28,"127.0.0.1","Mozilla/5.0 (Windows NT 10.0; Win64; x64) AppleWebKit/537.36 (KHTML, like Gecko) Chrome/91.0.4472.12","2021-07-04 19:08:03",NULL),
(29,3,29,"127.0.0.1","Mozilla/5.0 (Windows NT 10.0; Win64; x64) AppleWebKit/537.36 (KHTML, like Gecko) Chrome/91.0.4472.12","2021-07-04 19:10:13",NULL),
(30,3,30,"127.0.0.1","Mozilla/5.0 (Windows NT 10.0; Win64; x64) AppleWebKit/537.36 (KHTML, like Gecko) Chrome/91.0.4472.12","2021-07-04 19:11:55",NULL),
(31,3,31,"127.0.0.1","Mozilla/5.0 (Windows NT 10.0; Win64; x64) AppleWebKit/537.36 (KHTML, like Gecko) Chrome/91.0.4472.12","2021-07-04 19:14:03",NULL),
(32,3,32,"127.0.0.1","Mozilla/5.0 (Windows NT 10.0; Win64; x64) AppleWebKit/537.36 (KHTML, like Gecko) Chrome/91.0.4472.12","2021-07-04 19:15:22",NULL),
(33,3,33,"127.0.0.1","Mozilla/5.0 (Windows NT 10.0; Win64; x64) AppleWebKit/537.36 (KHTML, like Gecko) Chrome/91.0.4472.12","2021-07-04 19:20:01",NULL),
(34,3,34,"127.0.0.1","Mozilla/5.0 (Windows NT 10.0; Win64; x64) AppleWebKit/537.36 (KHTML, like Gecko) Chrome/91.0.4472.12","2021-07-04 19:21:36",NULL),
(35,3,35,"127.0.0.1","Mozilla/5.0 (Windows NT 10.0; Win64; x64) AppleWebKit/537.36 (KHTML, like Gecko) Chrome/91.0.4472.12","2021-07-04 19:23:17",NULL),
(36,3,36,"127.0.0.1","Mozilla/5.0 (Windows NT 10.0; Win64; x64) AppleWebKit/537.36 (KHTML, like Gecko) Chrome/91.0.4472.12","2021-07-04 19:25:13",NULL),
(37,3,37,"127.0.0.1","Mozilla/5.0 (Windows NT 10.0; Win64; x64) AppleWebKit/537.36 (KHTML, like Gecko) Chrome/91.0.4472.12","2021-07-04 19:26:46",NULL),
(38,3,38,"127.0.0.1","Mozilla/5.0 (Windows NT 10.0; Win64; x64) AppleWebKit/537.36 (KHTML, like Gecko) Chrome/91.0.4472.12","2021-07-04 19:28:24",NULL),
(39,3,39,"127.0.0.1","Mozilla/5.0 (Windows NT 10.0; Win64; x64) AppleWebKit/537.36 (KHTML, like Gecko) Chrome/91.0.4472.12","2021-07-04 19:30:32",NULL),
(40,3,40,"127.0.0.1","Mozilla/5.0 (Windows NT 10.0; Win64; x64) AppleWebKit/537.36 (KHTML, like Gecko) Chrome/91.0.4472.12","2021-07-04 19:32:03",NULL),
(41,3,41,"127.0.0.1","Mozilla/5.0 (Windows NT 10.0; Win64; x64) AppleWebKit/537.36 (KHTML, like Gecko) Chrome/91.0.4472.12","2021-07-04 19:33:56",NULL),
(42,3,42,"127.0.0.1","Mozilla/5.0 (Windows NT 10.0; Win64; x64) AppleWebKit/537.36 (KHTML, like Gecko) Chrome/91.0.4472.12","2021-07-04 19:35:48",NULL),
(43,3,43,"127.0.0.1","Mozilla/5.0 (Windows NT 10.0; Win64; x64) AppleWebKit/537.36 (KHTML, like Gecko) Chrome/91.0.4472.12","2021-07-04 19:37:34",NULL),
(44,3,44,"127.0.0.1","Mozilla/5.0 (Windows NT 10.0; Win64; x64) AppleWebKit/537.36 (KHTML, like Gecko) Chrome/91.0.4472.12","2021-07-04 19:39:00",NULL),
(45,3,45,"127.0.0.1","Mozilla/5.0 (Windows NT 10.0; Win64; x64) AppleWebKit/537.36 (KHTML, like Gecko) Chrome/91.0.4472.12","2021-07-04 19:41:31",NULL),
(46,3,46,"127.0.0.1","Mozilla/5.0 (Windows NT 10.0; Win64; x64) AppleWebKit/537.36 (KHTML, like Gecko) Chrome/91.0.4472.12","2021-07-04 19:42:56",NULL),
(47,3,47,"127.0.0.1","Mozilla/5.0 (Windows NT 10.0; Win64; x64) AppleWebKit/537.36 (KHTML, like Gecko) Chrome/91.0.4472.12","2021-07-04 19:44:45",NULL),
(48,3,48,"127.0.0.1","Mozilla/5.0 (Windows NT 10.0; Win64; x64) AppleWebKit/537.36 (KHTML, like Gecko) Chrome/91.0.4472.12","2021-07-04 19:46:08",NULL),
(49,3,49,"127.0.0.1","Mozilla/5.0 (Windows NT 10.0; Win64; x64) AppleWebKit/537.36 (KHTML, like Gecko) Chrome/91.0.4472.12","2021-07-04 19:47:44",NULL),
(50,3,50,"127.0.0.1","Mozilla/5.0 (Windows NT 10.0; Win64; x64) AppleWebKit/537.36 (KHTML, like Gecko) Chrome/91.0.4472.12","2021-07-04 19:49:02",NULL),
(51,3,51,"127.0.0.1","Mozilla/5.0 (Windows NT 10.0; Win64; x64) AppleWebKit/537.36 (KHTML, like Gecko) Chrome/91.0.4472.12","2021-07-04 19:50:26",NULL),
(52,3,52,"127.0.0.1","Mozilla/5.0 (Windows NT 10.0; Win64; x64) AppleWebKit/537.36 (KHTML, like Gecko) Chrome/91.0.4472.12","2021-07-04 19:51:47",NULL),
(53,3,53,"127.0.0.1","Mozilla/5.0 (Windows NT 10.0; Win64; x64) AppleWebKit/537.36 (KHTML, like Gecko) Chrome/91.0.4472.12","2021-07-04 19:53:18",NULL),
(54,3,54,"127.0.0.1","Mozilla/5.0 (Windows NT 10.0; Win64; x64) AppleWebKit/537.36 (KHTML, like Gecko) Chrome/91.0.4472.12","2021-07-04 19:55:06",NULL),
(55,3,55,"127.0.0.1","Mozilla/5.0 (Windows NT 10.0; Win64; x64) AppleWebKit/537.36 (KHTML, like Gecko) Chrome/91.0.4472.12","2021-07-04 19:56:49",NULL),
(56,3,56,"127.0.0.1","Mozilla/5.0 (Windows NT 10.0; Win64; x64) AppleWebKit/537.36 (KHTML, like Gecko) Chrome/91.0.4472.12","2021-07-04 19:58:14",NULL),
(57,3,57,"127.0.0.1","Mozilla/5.0 (Windows NT 10.0; Win64; x64) AppleWebKit/537.36 (KHTML, like Gecko) Chrome/91.0.4472.12","2021-07-04 19:59:44",NULL),
(58,3,58,"127.0.0.1","Mozilla/5.0 (Windows NT 10.0; Win64; x64) AppleWebKit/537.36 (KHTML, like Gecko) Chrome/91.0.4472.12","2021-07-04 20:01:15",NULL),
(59,3,59,"127.0.0.1","Mozilla/5.0 (Windows NT 10.0; Win64; x64) AppleWebKit/537.36 (KHTML, like Gecko) Chrome/91.0.4472.12","2021-07-04 20:02:53",NULL),
(60,3,60,"127.0.0.1","Mozilla/5.0 (Windows NT 10.0; Win64; x64) AppleWebKit/537.36 (KHTML, like Gecko) Chrome/91.0.4472.12","2021-07-04 20:04:08",NULL),
(61,3,61,"127.0.0.1","Mozilla/5.0 (Windows NT 10.0; Win64; x64) AppleWebKit/537.36 (KHTML, like Gecko) Chrome/91.0.4472.12","2021-07-04 20:05:57",NULL),
(62,3,62,"127.0.0.1","Mozilla/5.0 (Windows NT 10.0; Win64; x64) AppleWebKit/537.36 (KHTML, like Gecko) Chrome/91.0.4472.12","2021-07-04 20:12:24",NULL),
(63,3,63,"127.0.0.1","Mozilla/5.0 (Windows NT 10.0; Win64; x64) AppleWebKit/537.36 (KHTML, like Gecko) Chrome/91.0.4472.12","2021-07-04 20:14:45",NULL),
(64,3,64,"127.0.0.1","Mozilla/5.0 (Windows NT 10.0; Win64; x64) AppleWebKit/537.36 (KHTML, like Gecko) Chrome/91.0.4472.12","2021-07-04 20:16:02",NULL),
(65,3,65,"127.0.0.1","Mozilla/5.0 (Windows NT 10.0; Win64; x64) AppleWebKit/537.36 (KHTML, like Gecko) Chrome/91.0.4472.12","2021-07-04 20:17:47",NULL),
(66,3,66,"127.0.0.1","Mozilla/5.0 (Windows NT 10.0; Win64; x64) AppleWebKit/537.36 (KHTML, like Gecko) Chrome/91.0.4472.12","2021-07-04 20:19:14",NULL),
(67,3,67,"127.0.0.1","Mozilla/5.0 (Windows NT 10.0; Win64; x64) AppleWebKit/537.36 (KHTML, like Gecko) Chrome/91.0.4472.12","2021-07-04 20:24:52",NULL),
(68,3,68,"127.0.0.1","Mozilla/5.0 (Windows NT 10.0; Win64; x64) AppleWebKit/537.36 (KHTML, like Gecko) Chrome/91.0.4472.12","2021-07-04 20:26:44",NULL),
(69,3,69,"127.0.0.1","Mozilla/5.0 (Windows NT 10.0; Win64; x64) AppleWebKit/537.36 (KHTML, like Gecko) Chrome/91.0.4472.12","2021-07-04 20:28:09",NULL),
(70,3,70,"127.0.0.1","Mozilla/5.0 (Windows NT 10.0; Win64; x64) AppleWebKit/537.36 (KHTML, like Gecko) Chrome/91.0.4472.12","2021-07-04 20:29:36",NULL),
(71,3,71,"127.0.0.1","Mozilla/5.0 (Windows NT 10.0; Win64; x64) AppleWebKit/537.36 (KHTML, like Gecko) Chrome/91.0.4472.12","2021-07-04 20:31:20",NULL),
(72,3,72,"127.0.0.1","Mozilla/5.0 (Windows NT 10.0; Win64; x64) AppleWebKit/537.36 (KHTML, like Gecko) Chrome/91.0.4472.12","2021-07-04 20:33:30",NULL),
(73,3,73,"127.0.0.1","Mozilla/5.0 (Windows NT 10.0; Win64; x64) AppleWebKit/537.36 (KHTML, like Gecko) Chrome/91.0.4472.12","2021-07-04 20:34:47",NULL),
(74,3,74,"127.0.0.1","Mozilla/5.0 (Windows NT 10.0; Win64; x64) AppleWebKit/537.36 (KHTML, like Gecko) Chrome/91.0.4472.12","2021-07-04 20:35:54",NULL),
(75,3,75,"127.0.0.1","Mozilla/5.0 (Windows NT 10.0; Win64; x64) AppleWebKit/537.36 (KHTML, like Gecko) Chrome/91.0.4472.12","2021-07-04 20:37:02",NULL),
(76,3,76,"127.0.0.1","Mozilla/5.0 (Windows NT 10.0; Win64; x64) AppleWebKit/537.36 (KHTML, like Gecko) Chrome/91.0.4472.12","2021-07-04 20:38:27",NULL),
(77,3,77,"127.0.0.1","Mozilla/5.0 (Windows NT 10.0; Win64; x64) AppleWebKit/537.36 (KHTML, like Gecko) Chrome/91.0.4472.12","2021-07-04 20:39:35",NULL),
(78,3,78,"127.0.0.1","Mozilla/5.0 (Windows NT 10.0; Win64; x64) AppleWebKit/537.36 (KHTML, like Gecko) Chrome/91.0.4472.12","2021-07-04 20:40:50",NULL),
(79,3,79,"127.0.0.1","Mozilla/5.0 (Windows NT 10.0; Win64; x64) AppleWebKit/537.36 (KHTML, like Gecko) Chrome/91.0.4472.12","2021-07-04 20:42:25",NULL),
(80,3,80,"127.0.0.1","Mozilla/5.0 (Windows NT 10.0; Win64; x64) AppleWebKit/537.36 (KHTML, like Gecko) Chrome/91.0.4472.12","2021-07-04 21:07:50",NULL),
(81,3,81,"127.0.0.1","Mozilla/5.0 (Windows NT 10.0; Win64; x64) AppleWebKit/537.36 (KHTML, like Gecko) Chrome/91.0.4472.12","2021-07-04 21:08:29",NULL),
(82,3,82,"127.0.0.1","Mozilla/5.0 (Windows NT 10.0; Win64; x64) AppleWebKit/537.36 (KHTML, like Gecko) Chrome/91.0.4472.12","2021-07-04 21:10:10",NULL),
(83,3,83,"127.0.0.1","Mozilla/5.0 (Windows NT 10.0; Win64; x64) AppleWebKit/537.36 (KHTML, like Gecko) Chrome/91.0.4472.12","2021-07-04 21:11:56",NULL),
(84,3,84,"127.0.0.1","Mozilla/5.0 (Windows NT 10.0; Win64; x64) AppleWebKit/537.36 (KHTML, like Gecko) Chrome/91.0.4472.12","2021-07-04 21:13:30",NULL),
(85,3,85,"127.0.0.1","Mozilla/5.0 (Windows NT 10.0; Win64; x64) AppleWebKit/537.36 (KHTML, like Gecko) Chrome/91.0.4472.12","2021-07-04 21:14:54",NULL),
(86,3,86,"127.0.0.1","Mozilla/5.0 (Windows NT 10.0; Win64; x64) AppleWebKit/537.36 (KHTML, like Gecko) Chrome/91.0.4472.12","2021-07-04 21:16:14",NULL),
(87,3,87,"127.0.0.1","Mozilla/5.0 (Windows NT 10.0; Win64; x64) AppleWebKit/537.36 (KHTML, like Gecko) Chrome/91.0.4472.12","2021-07-04 21:18:02",NULL),
(88,3,88,"127.0.0.1","Mozilla/5.0 (Windows NT 10.0; Win64; x64) AppleWebKit/537.36 (KHTML, like Gecko) Chrome/91.0.4472.12","2021-07-04 21:20:08",NULL),
(89,3,89,"127.0.0.1","Mozilla/5.0 (Windows NT 10.0; Win64; x64) AppleWebKit/537.36 (KHTML, like Gecko) Chrome/91.0.4472.12","2021-07-04 21:21:31",NULL),
(90,3,90,"127.0.0.1","Mozilla/5.0 (Windows NT 10.0; Win64; x64) AppleWebKit/537.36 (KHTML, like Gecko) Chrome/91.0.4472.12","2021-07-04 21:22:48",NULL),
(91,3,91,"127.0.0.1","Mozilla/5.0 (Windows NT 10.0; Win64; x64) AppleWebKit/537.36 (KHTML, like Gecko) Chrome/91.0.4472.12","2021-07-04 21:23:49",NULL),
(92,3,92,"127.0.0.1","Mozilla/5.0 (Windows NT 10.0; Win64; x64) AppleWebKit/537.36 (KHTML, like Gecko) Chrome/91.0.4472.12","2021-07-04 21:25:39",NULL),
(93,3,93,"127.0.0.1","Mozilla/5.0 (Windows NT 10.0; Win64; x64) AppleWebKit/537.36 (KHTML, like Gecko) Chrome/91.0.4472.12","2021-07-04 21:27:08",NULL),
(94,3,94,"127.0.0.1","Mozilla/5.0 (Windows NT 10.0; Win64; x64) AppleWebKit/537.36 (KHTML, like Gecko) Chrome/91.0.4472.12","2021-07-04 21:28:28",NULL),
(95,3,95,"127.0.0.1","Mozilla/5.0 (Windows NT 10.0; Win64; x64) AppleWebKit/537.36 (KHTML, like Gecko) Chrome/91.0.4472.12","2021-07-04 21:34:25",NULL),
(96,3,96,"127.0.0.1","Mozilla/5.0 (Windows NT 10.0; Win64; x64) AppleWebKit/537.36 (KHTML, like Gecko) Chrome/91.0.4472.12","2021-07-04 21:35:40",NULL),
(97,3,97,"127.0.0.1","Mozilla/5.0 (Windows NT 10.0; Win64; x64) AppleWebKit/537.36 (KHTML, like Gecko) Chrome/91.0.4472.12","2021-07-04 21:37:04",NULL),
(98,3,98,"127.0.0.1","Mozilla/5.0 (Windows NT 10.0; Win64; x64) AppleWebKit/537.36 (KHTML, like Gecko) Chrome/91.0.4472.12","2021-07-04 21:38:57",NULL),
(99,3,99,"127.0.0.1","Mozilla/5.0 (Windows NT 10.0; Win64; x64) AppleWebKit/537.36 (KHTML, like Gecko) Chrome/91.0.4472.12","2021-07-04 21:40:23",NULL),
(100,3,100,"127.0.0.1","Mozilla/5.0 (Windows NT 10.0; Win64; x64) AppleWebKit/537.36 (KHTML, like Gecko) Chrome/91.0.4472.12","2021-07-04 21:41:58",NULL),
(101,3,101,"127.0.0.1","Mozilla/5.0 (Windows NT 10.0; Win64; x64) AppleWebKit/537.36 (KHTML, like Gecko) Chrome/91.0.4472.12","2021-07-04 21:43:07",NULL),
(102,3,102,"127.0.0.1","Mozilla/5.0 (Windows NT 10.0; Win64; x64) AppleWebKit/537.36 (KHTML, like Gecko) Chrome/91.0.4472.12","2021-07-04 21:43:55",NULL),
(103,3,103,"127.0.0.1","Mozilla/5.0 (Windows NT 10.0; Win64; x64) AppleWebKit/537.36 (KHTML, like Gecko) Chrome/91.0.4472.12","2021-07-04 21:45:52",NULL),
(104,3,104,"127.0.0.1","Mozilla/5.0 (Windows NT 10.0; Win64; x64) AppleWebKit/537.36 (KHTML, like Gecko) Chrome/91.0.4472.12","2021-07-04 21:47:22",NULL),
(105,3,105,"127.0.0.1","Mozilla/5.0 (Windows NT 10.0; Win64; x64) AppleWebKit/537.36 (KHTML, like Gecko) Chrome/91.0.4472.12","2021-07-04 21:48:52",NULL),
(106,3,106,"127.0.0.1","Mozilla/5.0 (Windows NT 10.0; Win64; x64) AppleWebKit/537.36 (KHTML, like Gecko) Chrome/91.0.4472.12","2021-07-04 21:50:22",NULL),
(107,3,107,"127.0.0.1","Mozilla/5.0 (Windows NT 10.0; Win64; x64) AppleWebKit/537.36 (KHTML, like Gecko) Chrome/91.0.4472.12","2021-07-04 21:51:52",NULL),
(108,3,108,"127.0.0.1","Mozilla/5.0 (Windows NT 10.0; Win64; x64) AppleWebKit/537.36 (KHTML, like Gecko) Chrome/91.0.4472.12","2021-07-04 21:54:22",NULL),
(109,3,109,"127.0.0.1","Mozilla/5.0 (Windows NT 10.0; Win64; x64) AppleWebKit/537.36 (KHTML, like Gecko) Chrome/91.0.4472.12","2021-07-04 21:55:49",NULL),
(110,3,110,"127.0.0.1","Mozilla/5.0 (Windows NT 10.0; Win64; x64) AppleWebKit/537.36 (KHTML, like Gecko) Chrome/91.0.4472.12","2021-07-04 21:57:11",NULL),
(111,3,111,"127.0.0.1","Mozilla/5.0 (Windows NT 10.0; Win64; x64) AppleWebKit/537.36 (KHTML, like Gecko) Chrome/91.0.4472.12","2021-07-04 21:58:46",NULL),
(112,3,112,"127.0.0.1","Mozilla/5.0 (Windows NT 10.0; Win64; x64) AppleWebKit/537.36 (KHTML, like Gecko) Chrome/91.0.4472.12","2021-07-04 22:00:58",NULL),
(113,3,113,"127.0.0.1","Mozilla/5.0 (Windows NT 10.0; Win64; x64) AppleWebKit/537.36 (KHTML, like Gecko) Chrome/91.0.4472.12","2021-07-04 22:02:45",NULL),
(114,3,114,"127.0.0.1","Mozilla/5.0 (Windows NT 10.0; Win64; x64) AppleWebKit/537.36 (KHTML, like Gecko) Chrome/91.0.4472.12","2021-07-04 22:04:34",NULL),
(115,3,115,"127.0.0.1","Mozilla/5.0 (Windows NT 10.0; Win64; x64) AppleWebKit/537.36 (KHTML, like Gecko) Chrome/91.0.4472.12","2021-07-04 22:05:15",NULL),
(116,3,116,"127.0.0.1","Mozilla/5.0 (Windows NT 10.0; Win64; x64) AppleWebKit/537.36 (KHTML, like Gecko) Chrome/91.0.4472.12","2021-07-04 22:06:53",NULL),
(117,3,117,"127.0.0.1","Mozilla/5.0 (Windows NT 10.0; Win64; x64) AppleWebKit/537.36 (KHTML, like Gecko) Chrome/91.0.4472.12","2021-07-04 22:09:01",NULL);


DROP TABLE IF EXISTS `sp_lesiones_cariosas`;

CREATE TABLE `sp_lesiones_cariosas` (
  `id_lesiones_cariosas` int(11) NOT NULL AUTO_INCREMENT,
  `id_odontograma` int(11) DEFAULT NULL,
  `id_tratamiento_diagnostico` int(11) DEFAULT NULL,
  `posicion` int(11) DEFAULT NULL,
  `creado_en` timestamp NOT NULL DEFAULT current_timestamp(),
  `actualizado_en` timestamp NULL DEFAULT NULL,
  PRIMARY KEY (`id_lesiones_cariosas`),
  KEY `sp_lesiones_cariosas_fk` (`id_odontograma`),
  KEY `sp_lesiones_cariosas_fk1` (`id_tratamiento_diagnostico`),
  CONSTRAINT `sp_lesiones_cariosas_fk` FOREIGN KEY (`id_odontograma`) REFERENCES `sp_odontograma` (`id_odontograma`),
  CONSTRAINT `sp_lesiones_cariosas_fk1` FOREIGN KEY (`id_tratamiento_diagnostico`) REFERENCES `sp_tratamiento_diagnostico` (`id_tratamiento_diagnostico`)
) ENGINE=InnoDB AUTO_INCREMENT=165 DEFAULT CHARSET=utf8 COLLATE=utf8_spanish_ci;

INSERT INTO `sp_lesiones_cariosas` VALUES (98,126,5,4,"2021-07-04 02:26:43",NULL),
(99,127,1,5,"2021-07-04 02:26:44",NULL),
(100,128,3,5,"2021-07-04 02:26:44",NULL),
(101,129,5,5,"2021-07-04 02:26:44",NULL),
(102,130,1,5,"2021-07-04 02:26:44",NULL),
(103,131,2,1,"2021-07-04 02:40:05",NULL),
(104,132,2,5,"2021-07-04 02:40:05",NULL),
(105,133,2,1,"2021-07-04 02:40:05",NULL),
(106,134,2,5,"2021-07-04 02:40:06",NULL),
(107,135,2,5,"2021-07-04 02:40:06",NULL),
(108,136,2,1,"2021-07-04 02:40:06",NULL),
(109,137,2,5,"2021-07-04 02:40:06",NULL),
(110,138,2,1,"2021-07-04 02:40:06",NULL),
(111,139,1,5,"2021-07-04 02:55:52",NULL),
(112,140,1,5,"2021-07-04 02:55:53",NULL),
(113,141,1,5,"2021-07-04 02:55:53",NULL),
(114,142,1,5,"2021-07-04 02:55:53",NULL),
(115,143,2,5,"2021-07-04 03:17:44",NULL),
(116,144,3,2,"2021-07-04 03:17:44",NULL),
(117,145,3,5,"2021-07-04 03:17:44",NULL),
(118,146,2,5,"2021-07-04 03:17:44",NULL),
(119,147,1,1,"2021-07-04 03:26:47",NULL),
(120,147,1,5,"2021-07-04 03:26:47",NULL),
(121,148,2,5,"2021-07-04 03:26:47",NULL),
(122,149,1,5,"2021-07-04 03:26:47",NULL),
(123,149,1,1,"2021-07-04 03:26:48",NULL),
(124,150,2,5,"2021-07-04 03:26:48",NULL),
(125,151,2,5,"2021-07-04 03:26:48",NULL),
(130,156,4,5,"2021-07-04 03:38:47",NULL),
(131,157,5,5,"2021-07-04 03:38:47",NULL),
(132,158,1,5,"2021-07-04 03:38:47",NULL),
(133,159,5,5,"2021-07-04 03:38:48",NULL),
(134,160,4,5,"2021-07-04 03:38:48",NULL),
(135,161,3,1,"2021-07-04 03:48:20",NULL),
(136,162,3,5,"2021-07-04 03:48:20",NULL),
(137,163,4,5,"2021-07-04 04:00:05",NULL),
(138,164,4,1,"2021-07-04 04:00:05",NULL),
(139,165,1,4,"2021-07-04 04:00:05",NULL),
(140,166,1,5,"2021-07-04 04:00:05",NULL),
(158,184,3,5,"2021-07-05 04:03:24",NULL),
(159,185,5,5,"2021-07-05 04:03:24",NULL),
(160,186,7,1,"2021-07-05 04:03:24",NULL),
(161,187,5,5,"2021-07-05 04:03:24",NULL),
(162,188,6,2,"2021-07-05 04:03:24",NULL),
(163,189,7,1,"2021-07-05 04:03:24",NULL),
(164,190,8,1,"2021-07-05 04:03:25",NULL);


DROP TABLE IF EXISTS `sp_medicacion`;

CREATE TABLE `sp_medicacion` (
  `id_medicacion` int(11) NOT NULL AUTO_INCREMENT,
  `entrega_medicamento` varchar(250) DEFAULT NULL,
  `receta_medica` varchar(250) DEFAULT NULL,
  `recomendaciones` varchar(250) DEFAULT NULL,
  `id_paciente` int(11) NOT NULL,
  `creado_en` timestamp NOT NULL DEFAULT current_timestamp(),
  `actualizado_en` timestamp NULL DEFAULT NULL,
  PRIMARY KEY (`id_medicacion`),
  KEY `fk_medicacion_paciente` (`id_paciente`),
  CONSTRAINT `fk_medicacion_paciente` FOREIGN KEY (`id_paciente`) REFERENCES `sp_paciente` (`id_paciente`)
) ENGINE=InnoDB AUTO_INCREMENT=16 DEFAULT CHARSET=utf8;

INSERT INTO `sp_medicacion` VALUES (2,"ninguno","no debe tomar alimentos muy calientes","tener el cuidado suficiente",16,"2021-07-03 21:51:43",NULL),
(3,"paracetamol","tomar cada 8 horas","no consumir alimentos muy calientes",17,"2021-07-04 02:28:36",NULL),
(4,"ninuguna","ninguna","no tomar bebidas calientes o comidas calientes",18,"2021-07-04 02:41:26",NULL),
(5,"ninguna","ninguna","no exponerse al frio",19,"2021-07-04 02:56:59",NULL),
(6,"ninguna","ninguna","no exponerse al frio",19,"2021-07-04 02:56:59",NULL),
(7,"ninguno","ninguno","no tomar bebidas o alimentos calientes",20,"2021-07-04 03:02:03",NULL),
(8,"paracetamol","tomar cada 8 horas","no consumir alimentos muy calientes",21,"2021-07-04 03:18:49",NULL),
(9,"ninguno","ninguno","no consumir alimentos muy calientes",23,"2021-07-04 03:27:55",NULL),
(10,"paracetamol","tomar cada 8 horas","no tomar bebidas o comidas calientes",24,"2021-07-04 03:39:48",NULL),
(11,"ninguno","ninguno","no exponerse al sol y no consumir alimentos muy calientes",25,"2021-07-04 03:49:47",NULL),
(12,"ninguno","ninguno","no consumir alimentos muy calientes",26,"2021-07-04 04:01:48",NULL),
(13,"ninguno","ninguno","no consumir alimentos muy calientes",26,"2021-07-04 04:02:20",NULL),
(14,"ninguno","ninguno","no consumir alimentos muy calientes",26,"2021-07-04 04:02:20",NULL),
(15,"ninguna","ninguna","no consumir alimentos muy calientes",16,"2021-07-05 04:12:07",NULL);


DROP TABLE IF EXISTS `sp_ocupacion`;

CREATE TABLE `sp_ocupacion` (
  `id_ocupacion` int(11) NOT NULL AUTO_INCREMENT,
  `nombre` varchar(100) COLLATE utf8_spanish_ci NOT NULL,
  `creado_en` timestamp NOT NULL DEFAULT current_timestamp(),
  `actualizado_en` timestamp NULL DEFAULT NULL,
  PRIMARY KEY (`id_ocupacion`)
) ENGINE=InnoDB AUTO_INCREMENT=136 DEFAULT CHARSET=utf8 COLLATE=utf8_spanish_ci;

INSERT INTO `sp_ocupacion` VALUES (1,"albañil","2021-02-15 11:55:26",NULL),
(2,"Abogado","2021-02-15 11:55:26",NULL),
(3,"Administrador de fincas","2021-02-15 11:55:26",NULL),
(4,"Adornista","2021-02-15 11:55:26",NULL),
(5,"Afiliado","2021-02-15 11:55:26",NULL),
(6,"Agricultor","2021-02-15 11:55:26",NULL),
(7,"Agente de desarrollo local","2021-02-15 11:55:26",NULL),
(8,"Agente de viajes","2021-02-15 11:55:26",NULL),
(9,"Agente doble","2021-02-15 11:55:26",NULL),
(10,"Agente encubierto","2021-02-15 11:55:26",NULL),
(12,"Alguacil","2021-02-15 11:55:27",NULL),
(13,"Algueros","2021-02-15 11:55:27",NULL),
(14,"Ama de casa","2021-02-15 11:55:27",NULL),
(15,"Ama de crianza","2021-02-15 11:55:27",NULL),
(16,"Aprendiz","2021-02-15 11:55:27",NULL),
(17,"Archivero","2021-02-15 11:55:27",NULL),
(18,"Armero (profesi?n)","2021-02-15 11:55:27",NULL),
(19,"Arquitecto del paisaje","2021-02-15 11:55:27",NULL),
(20,"Ascensorista","2021-02-15 11:55:27",NULL),
(21,"Asesor (oficio)","2021-02-15 11:55:27",NULL),
(22,"Asesor financiero","2021-02-15 11:55:28",NULL),
(23,"Asesor fiscal","2021-02-15 11:55:28",NULL),
(24,"Asesor mercantil","2021-02-15 11:55:28",NULL),
(25,"Auditor","2021-02-15 11:55:28",NULL),
(26,"Barrendero","2021-02-15 11:55:28",NULL),
(27,"Basurero","2021-02-15 11:55:28",NULL),
(28,"Bedel","2021-02-15 11:55:28",NULL),
(29,"Bibliotecario","2021-02-15 11:55:28",NULL),
(30,"Br?ker","2021-02-15 11:55:28",NULL),
(31,"B?squeda de empleo","2021-02-15 11:55:28",NULL),
(32,"Calderero","2021-02-15 11:55:28",NULL),
(33,"Cambista","2021-02-15 11:55:28",NULL),
(34,"Cantante","2021-02-15 11:55:29",NULL),
(35,"Carretillero","2021-02-15 11:55:29",NULL),
(36,"Cartero","2021-02-15 11:55:29",NULL),
(37,"Cartoneo","2021-02-15 11:55:29",NULL),
(38,"Catador de alimentos","2021-02-15 11:55:29",NULL),
(39,"Cazador de sanguijuelas","2021-02-15 11:55:29",NULL),
(40,"Cazafantasmas (parapsicolog?a)","2021-02-15 11:55:29",NULL),
(41,"Cazatalentos","2021-02-15 11:55:29",NULL),
(42,"Chaman","2021-02-15 11:55:29",NULL),
(43,"Chofer","2021-02-15 11:55:29",NULL),
(44,"Comerciante","2021-02-15 11:55:29",NULL),
(45,"Cocinera","2021-02-15 11:55:29",NULL),
(46,"Condestable","2021-02-15 11:55:30",NULL),
(47,"Conserje","2021-02-15 11:55:30",NULL),
(48,"Consultor","2021-02-15 11:55:30",NULL),
(49,"Contador p?blico","2021-02-15 11:55:30",NULL),
(50,"Contenidista","2021-02-15 11:55:30",NULL),
(51,"Coolhunting","2021-02-15 11:55:30",NULL),
(52,"Corrector de textos","2021-02-15 11:55:30",NULL),
(53,"Corredor de apuestas","2021-02-15 11:55:30",NULL),
(54,"Corredor de seguros","2021-02-15 11:55:30",NULL),
(55,"Counseling","2021-02-15 11:55:30",NULL),
(56,"Crimin?logo","2021-02-15 11:55:30",NULL),
(57,"Crupier","2021-02-15 11:55:31",NULL),
(58,"Cuerpo de Registradores de la iedad, Mercantiles y de Bienes Muebles","2021-02-15 11:55:31",NULL),
(59,"Curandero","2021-02-15 11:55:31",NULL),
(60,"Decorador","2021-02-15 11:55:31",NULL),
(61,"Delineante","2021-02-15 11:55:31",NULL),
(62,"Diplom?tico","2021-02-15 11:55:31",NULL),
(63,"Doctora","2021-02-15 11:55:31",NULL),
(64,"Doctor","2021-02-15 11:55:31",NULL),
(65,"Diseñador","2021-02-15 11:55:31",NULL),
(66,"Estudiante","2021-02-15 11:55:31",NULL),
(67,"Economista","2021-02-15 11:55:31",NULL),
(68,"Editor de sonido","2021-02-15 11:55:32",NULL),
(69,"Facilitador","2021-02-15 11:55:32",NULL),
(70,"Fisioterapeuta","2021-02-15 11:55:32",NULL),
(71,"Estudiante univeritario","2021-02-15 11:55:32",NULL),
(72,"Gaberlunzie","2021-02-15 11:55:32",NULL),
(73,"Garimpeiro","2021-02-15 11:55:32",NULL),
(74,"Geisha","2021-02-15 11:55:32",NULL),
(75,"Ganadero","2021-02-15 11:55:32",NULL),
(76,"Gu?a acompa?ante","2021-02-15 11:55:32",NULL),
(77,"Gu?a de turismo","2021-02-15 11:55:32",NULL),
(78,"Gu?a de monta?a","2021-02-15 11:55:33",NULL),
(79,"Hechicero","2021-02-15 11:55:33",NULL),
(80,"Historietista","2021-02-15 11:55:33",NULL),
(81,"Hombre anuncio","2021-02-15 11:55:33",NULL),
(82,"Hospitalero","2021-02-15 11:55:33",NULL),
(83,"Inform?tico","2021-02-15 11:55:33",NULL),
(84,"Ingeniero(a) geol?gica","2021-02-15 11:55:33",NULL),
(85,"Ingeniero de software","2021-02-15 11:55:33",NULL),
(86,"Ingeniero mecanico","2021-02-15 11:55:33",NULL),
(87,"Ingeniero de Sistemas","2021-02-15 11:55:33",NULL),
(88,"Ingeniero de civil","2021-02-15 11:55:34",NULL),
(89,"Ingeniero de sonido","2021-02-15 11:55:34",NULL),
(90,"Ingeniero electr?nico","2021-02-15 11:55:34",NULL),
(91,"Integrador social","2021-02-15 11:55:34",NULL),
(92,"Int?rprete (profesi?n)","2021-02-15 11:55:34",NULL),
(93,"Investigador","2021-02-15 11:55:34",NULL),
(94,"Jardinero","2021-02-15 11:55:34",NULL),
(95,"Jugador de videojuegos","2021-02-15 11:55:34",NULL),
(96,"Lapidario (profesi?n)","2021-02-15 11:55:34",NULL),
(97,"Leñador","2021-02-15 11:55:35",NULL),
(98,"Limpiabotas","2021-02-15 11:55:35",NULL),
(99,"Lord gran chambel?n","2021-02-15 11:55:35",NULL),
(100,"Maestro de esp?as","2021-02-15 11:55:35",NULL),
(101,"Mandatario Registral de Automotores","2021-02-15 11:55:35",NULL),
(102,"Manicura (ocupaci?n)","2021-02-15 11:55:35",NULL),
(103,"Martillero p?blico","2021-02-15 11:55:35",NULL),
(104,"Masajista","2021-02-15 11:55:35",NULL),
(105,"Mecanico","2021-02-15 11:55:35",NULL),
(107,"Mensajero","2021-02-15 11:55:35",NULL),
(108,"Minero","2021-02-15 11:55:36",NULL),
(109,"Oficio (profesi?n)","2021-02-15 11:55:36",NULL),
(110,"Odontologa","2021-02-15 11:55:36",NULL),
(111,"Odontologo","2021-02-15 11:55:36",NULL),
(112,"Nai Palm","2021-02-15 11:55:36",NULL),
(113,"Peluquero","2021-02-15 11:55:36",NULL),
(114,"Peluquero canino","2021-02-15 11:55:36",NULL),
(115,"Profesor","2021-02-15 11:55:36",NULL),
(116,"Planificador financiero","2021-02-15 11:55:37",NULL),
(117,"Policia","2021-02-15 11:55:37",NULL),
(118,"Portero de edificio","2021-02-15 11:55:37",NULL),
(119,"Profesional","2021-02-15 11:55:37",NULL),
(120,"Otro","2021-02-15 11:55:38",NULL),
(121,"Recaudador de impuestos","2021-02-15 11:55:38",NULL),
(122,"Reciclador de base","2021-02-15 11:55:38",NULL),
(123,"Reservista","2021-02-15 11:55:38",NULL),
(124,"Riacheros","2021-02-15 11:55:38",NULL),
(125,"Socialite","2021-02-15 11:55:38",NULL),
(126,"Socorrista acu?tico","2021-02-15 11:55:38",NULL),
(127,"Taquillero","2021-02-15 11:55:38",NULL),
(128,"T?cnico de Laboratorio de Universidad","2021-02-15 11:55:38",NULL),
(129,"T?cnico de sistemas","2021-02-15 11:55:38",NULL),
(130,"Telefonista","2021-02-15 11:55:39",NULL),
(131,"Tesorero","2021-02-15 11:55:39",NULL),
(132,"Trabajador aut?nomo","2021-02-15 11:55:39",NULL),
(133,"Valet parking","2021-02-15 11:55:39",NULL),
(134,"Veedor (viticultura)","2021-02-15 11:55:39",NULL),
(135,"Verdugo","2021-02-15 11:55:41",NULL);


DROP TABLE IF EXISTS `sp_odontograma`;

CREATE TABLE `sp_odontograma` (
  `id_odontograma` int(11) NOT NULL AUTO_INCREMENT,
  `id_paciente` int(11) DEFAULT NULL,
  `id_pieza_dental` int(11) DEFAULT NULL,
  `creado_en` timestamp NOT NULL DEFAULT current_timestamp(),
  `actualizado_en` timestamp NULL DEFAULT NULL,
  PRIMARY KEY (`id_odontograma`),
  KEY `sp_odontograma_fk` (`id_paciente`),
  KEY `sp_odontograma_fk1` (`id_pieza_dental`),
  CONSTRAINT `sp_odontograma_fk` FOREIGN KEY (`id_paciente`) REFERENCES `sp_paciente` (`id_paciente`),
  CONSTRAINT `sp_odontograma_fk1` FOREIGN KEY (`id_pieza_dental`) REFERENCES `sp_pieza_dental` (`id_pieza_dental`)
) ENGINE=InnoDB AUTO_INCREMENT=192 DEFAULT CHARSET=utf8 COLLATE=utf8_spanish_ci;

INSERT INTO `sp_odontograma` VALUES (126,17,7,"2021-07-04 02:26:43",NULL),
(127,17,27,"2021-07-04 02:26:44",NULL),
(128,17,23,"2021-07-04 02:26:44",NULL),
(129,17,10,"2021-07-04 02:26:44",NULL),
(130,17,21,"2021-07-04 02:26:44",NULL),
(131,18,19,"2021-07-04 02:40:05",NULL),
(132,18,22,"2021-07-04 02:40:05",NULL),
(133,18,6,"2021-07-04 02:40:05",NULL),
(134,18,26,"2021-07-04 02:40:05",NULL),
(135,18,8,"2021-07-04 02:40:06",NULL),
(136,18,28,"2021-07-04 02:40:06",NULL),
(137,18,23,"2021-07-04 02:40:06",NULL),
(138,18,10,"2021-07-04 02:40:06",NULL),
(139,19,5,"2021-07-04 02:55:52",NULL),
(140,19,22,"2021-07-04 02:55:53",NULL),
(141,19,10,"2021-07-04 02:55:53",NULL),
(142,19,25,"2021-07-04 02:55:53",NULL),
(143,21,7,"2021-07-04 03:17:44",NULL),
(144,21,26,"2021-07-04 03:17:44",NULL),
(145,21,22,"2021-07-04 03:17:44",NULL),
(146,21,10,"2021-07-04 03:17:44",NULL),
(147,23,9,"2021-07-04 03:26:47",NULL),
(148,23,23,"2021-07-04 03:26:47",NULL),
(149,23,6,"2021-07-04 03:26:47",NULL),
(150,23,26,"2021-07-04 03:26:48",NULL),
(151,23,20,"2021-07-04 03:26:48",NULL),
(156,24,9,"2021-07-04 03:38:47",NULL),
(157,24,22,"2021-07-04 03:38:47",NULL),
(158,24,4,"2021-07-04 03:38:47",NULL),
(159,24,6,"2021-07-04 03:38:47",NULL),
(160,24,25,"2021-07-04 03:38:48",NULL),
(161,25,23,"2021-07-04 03:48:20",NULL),
(162,25,12,"2021-07-04 03:48:20",NULL),
(163,26,24,"2021-07-04 04:00:05",NULL),
(164,26,8,"2021-07-04 04:00:05",NULL),
(165,26,27,"2021-07-04 04:00:05",NULL),
(166,26,20,"2021-07-04 04:00:05",NULL),
(184,16,6,"2021-07-05 04:03:24",NULL),
(185,16,24,"2021-07-05 04:03:24",NULL),
(186,16,18,"2021-07-05 04:03:24",NULL),
(187,16,27,"2021-07-05 04:03:24",NULL),
(188,16,22,"2021-07-05 04:03:24",NULL),
(189,16,21,"2021-07-05 04:03:24",NULL),
(190,16,31,"2021-07-05 04:03:24",NULL),
(191,16,29,"2021-07-05 04:03:25",NULL);


DROP TABLE IF EXISTS `sp_odontologo`;

CREATE TABLE `sp_odontologo` (
  `id_odontologo` int(11) NOT NULL,
  `turno` varchar(20) COLLATE utf8_spanish_ci NOT NULL,
  `gestion_ingreso` year(4) NOT NULL,
  `creado_en` timestamp NOT NULL DEFAULT current_timestamp(),
  `actualizado_en` timestamp NULL DEFAULT NULL,
  PRIMARY KEY (`id_odontologo`),
  CONSTRAINT `fk_persona_odontologo` FOREIGN KEY (`id_odontologo`) REFERENCES `sp_persona` (`id_persona`)
) ENGINE=InnoDB DEFAULT CHARSET=utf8 COLLATE=utf8_spanish_ci;

INSERT INTO `sp_odontologo` VALUES (14,"MAÑANA-TARDE",2019,"2021-07-03 20:09:36",NULL),
(15,"MAÑANA",2020,"2021-07-03 20:12:56",NULL);


DROP TABLE IF EXISTS `sp_paciente`;

CREATE TABLE `sp_paciente` (
  `id_paciente` int(11) NOT NULL,
  `id_ocupacion` int(11) NOT NULL,
  `creado_en` timestamp NOT NULL DEFAULT current_timestamp(),
  `actualizado_en` timestamp NULL DEFAULT NULL,
  PRIMARY KEY (`id_paciente`),
  KEY `fk_paciente_ocupacion` (`id_ocupacion`),
  CONSTRAINT `fk_paciente_ocupacion` FOREIGN KEY (`id_ocupacion`) REFERENCES `sp_ocupacion` (`id_ocupacion`),
  CONSTRAINT `fk_persona_paciente` FOREIGN KEY (`id_paciente`) REFERENCES `sp_persona` (`id_persona`)
) ENGINE=InnoDB DEFAULT CHARSET=utf8 COLLATE=utf8_spanish_ci;

INSERT INTO `sp_paciente` VALUES (16,6,"2021-07-03 20:22:31",NULL),
(17,66,"2021-07-04 02:13:13","2021-07-04 02:22:07"),
(18,66,"2021-07-04 02:34:27",NULL),
(19,66,"2021-07-04 02:48:11",NULL),
(20,115,"2021-07-04 02:49:54",NULL),
(21,66,"2021-07-04 03:04:12",NULL),
(22,6,"2021-07-04 03:06:14",NULL),
(23,14,"2021-07-04 03:08:23",NULL),
(24,14,"2021-07-04 03:33:37",NULL),
(25,66,"2021-07-04 03:42:20",NULL),
(26,66,"2021-07-04 03:54:36",NULL),
(27,66,"2021-07-04 19:05:41",NULL),
(28,14,"2021-07-04 19:08:03",NULL),
(29,1,"2021-07-04 19:10:13",NULL),
(30,14,"2021-07-04 19:11:55",NULL),
(31,66,"2021-07-04 19:14:03",NULL),
(32,14,"2021-07-04 19:15:22",NULL),
(33,66,"2021-07-04 19:20:01",NULL),
(34,66,"2021-07-04 19:21:36",NULL),
(35,1,"2021-07-04 19:23:17",NULL),
(36,66,"2021-07-04 19:25:13",NULL),
(37,15,"2021-07-04 19:26:46",NULL),
(38,66,"2021-07-04 19:28:24",NULL),
(39,14,"2021-07-04 19:30:32",NULL),
(40,6,"2021-07-04 19:32:03",NULL),
(41,6,"2021-07-04 19:33:56",NULL),
(42,6,"2021-07-04 19:35:48",NULL),
(43,66,"2021-07-04 19:37:34",NULL),
(44,66,"2021-07-04 19:39:00",NULL),
(45,66,"2021-07-04 19:41:31",NULL),
(46,6,"2021-07-04 19:42:56",NULL),
(47,66,"2021-07-04 19:44:45",NULL),
(48,66,"2021-07-04 19:46:08",NULL),
(49,66,"2021-07-04 19:47:44",NULL),
(50,66,"2021-07-04 19:49:02",NULL),
(51,119,"2021-07-04 19:50:26",NULL),
(52,66,"2021-07-04 19:51:47",NULL),
(53,19,"2021-07-04 19:53:18",NULL),
(54,66,"2021-07-04 19:55:06",NULL),
(55,14,"2021-07-04 19:56:49",NULL),
(56,66,"2021-07-04 19:58:14",NULL),
(57,66,"2021-07-04 19:59:44",NULL),
(58,66,"2021-07-04 20:01:15",NULL),
(59,66,"2021-07-04 20:02:53",NULL),
(60,66,"2021-07-04 20:04:08",NULL),
(61,66,"2021-07-04 20:05:57",NULL),
(62,66,"2021-07-04 20:12:24",NULL),
(63,59,"2021-07-04 20:14:45",NULL),
(64,66,"2021-07-04 20:16:02",NULL),
(65,115,"2021-07-04 20:17:47",NULL),
(66,14,"2021-07-04 20:19:14",NULL),
(67,66,"2021-07-04 20:24:52",NULL),
(68,66,"2021-07-04 20:26:44",NULL),
(69,66,"2021-07-04 20:28:09",NULL),
(70,66,"2021-07-04 20:29:36",NULL),
(71,66,"2021-07-04 20:31:20",NULL),
(72,66,"2021-07-04 20:33:30",NULL),
(73,66,"2021-07-04 20:34:47",NULL),
(74,66,"2021-07-04 20:35:54",NULL),
(75,66,"2021-07-04 20:37:02",NULL),
(76,66,"2021-07-04 20:38:27",NULL),
(77,66,"2021-07-04 20:39:35",NULL),
(78,66,"2021-07-04 20:40:50",NULL),
(79,14,"2021-07-04 20:42:25",NULL),
(80,6,"2021-07-04 21:07:50",NULL),
(81,6,"2021-07-04 21:08:29",NULL),
(82,66,"2021-07-04 21:10:10",NULL),
(83,14,"2021-07-04 21:11:56",NULL),
(84,66,"2021-07-04 21:13:30",NULL),
(85,66,"2021-07-04 21:14:54",NULL),
(86,66,"2021-07-04 21:16:14",NULL),
(87,66,"2021-07-04 21:18:02",NULL),
(88,14,"2021-07-04 21:20:08",NULL),
(89,14,"2021-07-04 21:21:31",NULL),
(90,14,"2021-07-04 21:22:48",NULL),
(91,66,"2021-07-04 21:23:49",NULL),
(92,66,"2021-07-04 21:25:39",NULL),
(93,66,"2021-07-04 21:27:08",NULL),
(94,66,"2021-07-04 21:28:28",NULL),
(95,66,"2021-07-04 21:34:25",NULL),
(96,66,"2021-07-04 21:35:40",NULL),
(97,66,"2021-07-04 21:37:04",NULL),
(98,66,"2021-07-04 21:38:57",NULL),
(99,1,"2021-07-04 21:40:23",NULL),
(100,14,"2021-07-04 21:41:58",NULL),
(101,14,"2021-07-04 21:43:07",NULL),
(102,14,"2021-07-04 21:43:55",NULL),
(103,1,"2021-07-04 21:45:52",NULL),
(104,14,"2021-07-04 21:47:22",NULL),
(105,14,"2021-07-04 21:48:52",NULL),
(106,66,"2021-07-04 21:50:22",NULL),
(107,1,"2021-07-04 21:51:52",NULL),
(108,66,"2021-07-04 21:54:22",NULL),
(109,1,"2021-07-04 21:55:49",NULL),
(110,66,"2021-07-04 21:57:11",NULL),
(111,14,"2021-07-04 21:58:46",NULL),
(112,14,"2021-07-04 22:00:58",NULL),
(113,66,"2021-07-04 22:02:45",NULL),
(114,14,"2021-07-04 22:04:34",NULL),
(115,14,"2021-07-04 22:05:15",NULL),
(116,66,"2021-07-04 22:06:53",NULL),
(117,14,"2021-07-04 22:09:01",NULL);


DROP TABLE IF EXISTS `sp_persona`;

CREATE TABLE `sp_persona` (
  `id_persona` int(11) NOT NULL AUTO_INCREMENT,
  `ci` int(11) NOT NULL,
  `expedido` varchar(4) COLLATE utf8_spanish_ci NOT NULL,
  `nombres` varchar(50) COLLATE utf8_spanish_ci NOT NULL,
  `paterno` varchar(25) COLLATE utf8_spanish_ci NOT NULL,
  `materno` varchar(25) COLLATE utf8_spanish_ci DEFAULT NULL,
  `sexo` varchar(20) COLLATE utf8_spanish_ci NOT NULL,
  `lugar_nacimiento` varchar(100) COLLATE utf8_spanish_ci NOT NULL,
  `telefono_celular` varchar(20) COLLATE utf8_spanish_ci DEFAULT NULL,
  `fecha_nacimiento` date DEFAULT NULL,
  `domicilio` varchar(150) COLLATE utf8_spanish_ci DEFAULT NULL,
  `estatus` enum('ACTIVO','INACTIVO') COLLATE utf8_spanish_ci NOT NULL,
  `estado` tinyint(1) NOT NULL DEFAULT 1,
  `creado_en` timestamp NOT NULL DEFAULT current_timestamp(),
  `actualizado_en` timestamp NULL DEFAULT NULL,
  PRIMARY KEY (`id_persona`)
) ENGINE=InnoDB AUTO_INCREMENT=118 DEFAULT CHARSET=utf8 COLLATE=utf8_spanish_ci;

INSERT INTO `sp_persona` VALUES (1,12345678,"LP","German","Choque","Flores","masculino","san pedro de curahuara",74852392,"1980-03-22","puente vela","ACTIVO",1,"2021-02-15 12:04:34","2021-07-03 20:01:47"),
(14,10907085,"LP","Wilmer Hernando","Gamboa","Mayta","","",77281461,"1985-03-22","Miraflores","ACTIVO",1,"2021-07-03 20:09:36",NULL),
(15,91678901,"LP","Carlos Enrique","Flores","Mamani","","",73540461,"1990-03-22","Ventilla","ACTIVO",1,"2021-07-03 20:12:56",NULL),
(16,76454738,"LP","Vladimir","Cachi","Villanueva","masculino","villa potosi",77676873,"1992-12-12","villa potosi","ACTIVO",1,"2021-07-03 20:22:31",NULL),
(17,10907856,"LP","Javier Yurem","Flores","Mamani","masculino","acoaconi",67333533,"2016-02-22","acoaconi","ACTIVO",1,"2021-07-04 02:13:13","2021-07-04 02:22:07"),
(18,14785896,"LP","Alina Silvia","Colque","Yujra","femenino","siwayruta",67333533,"2016-06-24","siwayruta","ACTIVO",1,"2021-07-04 02:34:27",NULL),
(19,7856932,"LP","Zulma","Apaza","Calle","femenino","san pedro de curahuara",76756788,"1996-04-23","san pedro de curahuara","ACTIVO",1,"2021-07-04 02:48:11",NULL),
(20,7673766,"LP","Gualberto","Chambi","Bautista","masculino","chambi chico",73540462,"1970-07-16","chambi chico","ACTIVO",1,"2021-07-04 02:49:54",NULL),
(21,14785897,"LP","Rosse Mary","Encinas","Copaja","femenino","tika belen",65747488,"2006-06-29","tika belen","ACTIVO",1,"2021-07-04 03:04:12",NULL),
(22,25896312,"LP","Vicenta","Saca","Marca","femenino","sacacani",6737678,"1982-09-26","sacacani","ACTIVO",1,"2021-07-04 03:06:14",NULL),
(23,14785898,"LP","Tereza","Hilaquita","Tola","femenino","tolawilque",67453678,"1976-07-16","tolawilque","ACTIVO",1,"2021-07-04 03:08:23",NULL),
(24,7845346,"LP","Julia","Lovera","Gonzales","femenino","san pedro de curahuara",67474847,"1970-07-23","san pedro de curahuara","ACTIVO",1,"2021-07-04 03:33:37",NULL),
(25,87867889,"LP","Rosa","Saca","Condori","femenino","tika belen",76376737,"2006-10-30","tika belen","ACTIVO",1,"2021-07-04 03:42:20",NULL),
(26,76887383,"LP","Maribel","Pablo","Mamani","femenino","nequejavira",64774474,"1998-05-04","nequejavira","ACTIVO",1,"2021-07-04 03:54:36",NULL),
(27,94476584,"LP","Rossi","Saca","Tola","femenino","Vilacota",64746474,"2011-11-25","Vilacota","ACTIVO",1,"2021-07-04 19:05:41",NULL),
(28,6454664,"LP","Lidia","Calle","Ajno","femenino","villa potosi",76589576,"1964-08-03","Union Villa Pampa","ACTIVO",1,"2021-07-04 19:08:03",NULL),
(29,65756574,"LP","Agustin","Felipe","Choque","masculino","Union Villa Pampa",67564647,"1964-09-30","Union Villa Pamp","ACTIVO",1,"2021-07-04 19:10:13",NULL),
(30,6454647,"LP","Adela","Chambi","Flores","femenino","villa potosi",64746747,"1954-07-14","Villa Potosi","ACTIVO",1,"2021-07-04 19:11:55",NULL),
(31,8765783,"LP","Diego","Poca","Flores","masculino","acoaconi",65756474,"2017-02-06","acoaconi","ACTIVO",1,"2021-07-04 19:14:03",NULL),
(32,64454736,"LP","Alicia","Colque","Colque","femenino","siwayruta",646474647,"1998-07-30","siwayruta","ACTIVO",1,"2021-07-04 19:15:22",NULL),
(33,89686879,"LP","Judith","Saca","Flores","femenino","san pedro de curahuara",65756574,"2013-12-27","san pedro de curahuara","ACTIVO",1,"2021-07-04 19:20:01",NULL),
(34,11746474,"LP","Nestor","Saca","Saca","masculino","tika belen",65464774,"2019-01-11","tika belen","ACTIVO",1,"2021-07-04 19:21:36",NULL),
(35,89775784,"LP","Teresa","Hilaquita","Tola","femenino","tolawilque",74647464,"1976-06-16","tolawilque","ACTIVO",1,"2021-07-04 19:23:17",NULL),
(36,64746474,"LP","Michel Eva","Vilca","Gutierrez","femenino","acoaconi",64746474,"2010-05-26","acoaconi","ACTIVO",1,"2021-07-04 19:25:13",NULL),
(37,65756571,"LP","Elena","Alave","Chura","femenino","siwayruta",64746476,"1969-07-15","siwayruta","ACTIVO",1,"2021-07-04 19:26:46",NULL),
(38,6474609,"LP","Gonzalo","Hilaquita","Rios","masculino","tolawilque",64746477,"2004-01-26","tolawilque","ACTIVO",1,"2021-07-04 19:28:24",NULL),
(39,1129078,"LP","Aurora","Tola","Choque","femenino","tika belen",64746747,"1952-08-11","tika belen","ACTIVO",1,"2021-07-04 19:30:32",NULL),
(40,8990066,"LP","Vicente","Condori","Huanca","masculino","villa potosi",74647464,"1936-04-06","villa potosi","ACTIVO",1,"2021-07-04 19:32:03",NULL),
(41,78585857,"LP","Lucio","Copaja","Mamani","masculino","villa pampa",75857585,"1964-07-17","villa pampa","ACTIVO",1,"2021-07-04 19:33:56",NULL),
(42,8768680,"LP","Eustaquio","Vasquez","Hilaquita","masculino","tolawilque",75758578,"1950-03-28","tolawilque","ACTIVO",1,"2021-07-04 19:35:48",NULL),
(43,94849480,"LP","Nayeli","Salinas","Colque","femenino","tika belen",67474647,"2016-03-12","tika belen","ACTIVO",1,"2021-07-04 19:37:34",NULL),
(44,10908980,"LP","Ariana","Ajno","Felipe","femenino","acoaconi",74647464,"2004-06-30","acoaconi","ACTIVO",1,"2021-07-04 19:39:00",NULL),
(45,85758548,"LP","Zulema","Ajno","Felipe","femenino","siwayruta",74647456,"2012-04-05","siwayruta","ACTIVO",1,"2021-07-04 19:41:31",NULL),
(46,98595850,"LP","Roman Basilio","Ajno","Choque","masculino","acoaconi",74484748,"1975-05-21","acoaconi","ACTIVO",1,"2021-07-04 19:42:56",NULL),
(47,9484948,"LP","Franz Elvis","Luna","Condori","masculino","villa potosi",78756489,"2015-01-07","villa potosi","ACTIVO",1,"2021-07-04 19:44:45",NULL),
(48,90786969,"LP","Videlia","Luna","Condori","femenino","villa potosi",75857549,"2006-10-13","villa potosi","ACTIVO",1,"2021-07-04 19:46:08",NULL),
(49,74847484,"LP","Jhon Oliver","Luna","Condori","masculino","villa potosi",7657565,"2006-10-13","villa potosi","ACTIVO",1,"2021-07-04 19:47:44",NULL),
(50,9007879,"LP","Cenayda","Luna","Condori","femenino","villa potosi",7686768,"2010-06-26","villa potosi","ACTIVO",1,"2021-07-04 19:49:02",NULL),
(51,7575857,"LP","Edwin","Saca","Chambi","masculino","Union Villa Pampa",65756570,"1981-04-02","Union Villa Pampa","ACTIVO",1,"2021-07-04 19:50:26",NULL),
(52,75758578,"LP","Maria","Alave","Chambi","femenino","siwayruta",74756574,"1991-09-02","siwayruta","ACTIVO",1,"2021-07-04 19:51:47",NULL),
(53,79686905,"LP","Osacar","Saca","Chambi","masculino","tika belen",78657570,"1990-06-30","tika belen","ACTIVO",1,"2021-07-04 19:53:18",NULL),
(54,12909098,"LP","Matias","Salinas","Colque","masculino","san pedro de curahuara",74647474,"2020-01-09","san pedro de curahuara","ACTIVO",1,"2021-07-04 19:55:06",NULL),
(55,9784837,"LP","Emilia","Pablo","Saca","femenino","tolawilque",74647464,"1970-01-02","tolawilque","ACTIVO",1,"2021-07-04 19:56:49",NULL),
(56,92187383,"LP","Delia","Saca","Gregorio","femenino","tika belen",74746484,"2011-11-30","tika belen","ACTIVO",1,"2021-07-04 19:58:14",NULL),
(57,77575857,"LP","Nayeli","Saca","Gregorio","femenino","tika belen",7464746,"2009-11-29","tika belen","ACTIVO",1,"2021-07-04 19:59:44",NULL),
(58,84748478,"LP","Giovana","Mamani","Mamani","femenino","tolawilque",74647464,"1996-07-01","tolawilque","ACTIVO",1,"2021-07-04 20:01:15",NULL),
(59,18738373,"LP","Cenayda","Copaja","Flores","femenino","villa potosi",746474647,"2011-07-03","villa potosi","ACTIVO",1,"2021-07-04 20:02:53",NULL),
(60,12357657,"LP","Roberth","Pablo","Tola","masculino","siwayruta",76754647,"2012-12-16","siwayruta","ACTIVO",1,"2021-07-04 20:04:08",NULL),
(61,74847480,"LP","Roosy Tatiana","Tola","Callejas","femenino","tolawilque",67464746,"2005-10-25","tolawilque","ACTIVO",1,"2021-07-04 20:05:57",NULL),
(62,74847400,"LP","Deysi","Tola","Chambi","femenino","tolawilque",75657578,"2004-09-08","tolawilque","ACTIVO",1,"2021-07-04 20:12:24",NULL),
(63,1230987,"LP","Carlos","Gonzales","Alarcon","masculino","san pedro de curahuara",74748474,"1968-05-26","san pedro de curahuara","ACTIVO",1,"2021-07-04 20:14:45",NULL),
(64,98847484,"LP","Leonardo","Santo","Quiroz","masculino","san pedro de curahuara",74648478,"1996-01-29","san pedro de curahuara","ACTIVO",1,"2021-07-04 20:16:02",NULL),
(65,134567588,"LP","Mario","Alave","Colque","masculino","siwayruta",65363780,"1970-06-03","siwayruta","ACTIVO",1,"2021-07-04 20:17:47",NULL),
(66,7894849,"LP","Emma","Colque","Mamani","femenino","siwayruta",74647470,"1979-01-20","siwayruta","ACTIVO",1,"2021-07-04 20:19:14",NULL),
(67,98074840,"LP","Giovana","Laura","Amaru","femenino","san pedro de curahuara",74648474,"1991-07-25","san pedro de curahuara","ACTIVO",1,"2021-07-04 20:24:52",NULL),
(68,90807908,"LP","Juan","Soliz","Villca","masculino","san pedro de curahuara",74748487,"1991-07-25","san pedro de curahuara","ACTIVO",1,"2021-07-04 20:26:44",NULL),
(69,67895858,"LP","Fabiola","Zolis","Terrazas","femenino","villa potosi",76757890,"2005-10-21","villa potosi","ACTIVO",1,"2021-07-04 20:28:09",NULL),
(70,7898587,"LP","Doris","Canaviri","Aleluya","femenino","Vilacota",78689099,"2009-09-20","vilacota","ACTIVO",1,"2021-07-04 20:29:36",NULL),
(71,67578809,"LP","Ever","Copaja","Hilaquita","masculino","tolawilque",67333530,"2009-07-23","tolawilque","ACTIVO",1,"2021-07-04 20:31:20",NULL),
(72,74647464,"LP","Omar","Aleluya","Mamani","masculino","nequejavira",78609008,"2010-03-30","nequejavira","ACTIVO",1,"2021-07-04 20:33:30",NULL),
(73,12990087,"LP","Andres","Alvarado","Aleluya","masculino","nequejavira",64746484,"2008-11-20","nequejavira","ACTIVO",1,"2021-07-04 20:34:47",NULL),
(74,64846480,"LP","Ely","Mamani","Guarachi","femenino","nequejavira",78474844,"2015-10-15","nequejavira","ACTIVO",1,"2021-07-04 20:35:54",NULL),
(75,90857589,"LP","Juan","Apaza","Lovera","masculino","san pedro de curahuara",78448479,"2015-10-15","san pedro de curahuara","ACTIVO",1,"2021-07-04 20:37:02",NULL),
(76,90585895,"LP","Genara","Chuquimia","Catacora","femenino","san pedro de curahuara",75647565,"1951-06-30","san pedro de curahuara","ACTIVO",1,"2021-07-04 20:38:27",NULL),
(77,74746484,"LP","Ronald","Apaza","Casilla","masculino","san pedro de curahuara",74648474,"2007-12-07","san pedro de curahuara","ACTIVO",1,"2021-07-04 20:39:35",NULL),
(78,85700904,"LP","Efrain","Cachi","Barco","masculino","acoaconi",78575890,"2010-08-12","acoaconi","ACTIVO",1,"2021-07-04 20:40:50",NULL),
(79,13090883,"LP","Regina","Tarquino","Vila","femenino","acoaconi",68578780,"1973-09-07","acoaconi","ACTIVO",1,"2021-07-04 20:42:25",NULL),
(80,74648474,"LP","Beymar","Leonardo","Quispe","masculino","villa potosi",78484849,"1973-09-07","villa potosi","ACTIVO",1,"2021-07-04 21:07:50",NULL),
(81,74648471,"LP","Beymar","Leonardo","Quispe","masculino","villa potosi",78484849,"1973-09-07","villa potosi","ACTIVO",1,"2021-07-04 21:08:29",NULL),
(82,90899091,"LP","Rous","Leonardo","Quispe","femenino","villa potosi",67748473,"2017-07-21","villa potosi","ACTIVO",1,"2021-07-04 21:10:10",NULL),
(83,90948494,"LP","Rosmery","Quispecahuana","Loza","femenino","villa potosi",67544344,"1980-12-26","villa potosi","ACTIVO",1,"2021-07-04 21:11:56",NULL),
(84,89097890,"LP","Sandra","Mamani","Mamani","femenino","tolawilque",7899996,"2013-02-19","tolawilque","ACTIVO",1,"2021-07-04 21:13:30",NULL),
(85,12355433,"LP","Lizeth","Zambrana","Saca","femenino","Vilacota",67454433,"2015-11-22","vilacota","ACTIVO",1,"2021-07-04 21:14:54",NULL),
(86,84748740,"LP","Leydi","Aleluya","Orellana","femenino","tika belen",7895567,"2017-04-21","tika belen","ACTIVO",1,"2021-07-04 21:16:14",NULL),
(87,74640093,"LP","Ederson","Terrazas","Mamani","masculino","nequejavira",7654098,"2015-07-22","nequejavira","ACTIVO",1,"2021-07-04 21:18:02",NULL),
(88,123577880,"LP","Susana","Felipe","Luna","femenino","Union Villa Pampa",77748476,"1973-06-30","Union Villa Pampa","ACTIVO",1,"2021-07-04 21:20:08",NULL),
(89,10987546,"LP","Isabela","Cruz","De Ajno","femenino","tika belen",76746478,"1950-02-20","tika belen","ACTIVO",1,"2021-07-04 21:21:31",NULL),
(90,10205076,"LP","Herminia","Flores","Ramirez","femenino","Union Villa Pampa",64746477,"1976-06-30","Union Villa Pampa","ACTIVO",1,"2021-07-04 21:22:48",NULL),
(91,98776778,"LP","Alex","Chambi","Flores","masculino","Union Villa Pampa",74647464,"2011-03-22","Union Villa Pampa","ACTIVO",1,"2021-07-04 21:23:49",NULL),
(92,78687879,"LP","Willy","Chambi","Flores","masculino","Union Villa Pampa",78690003,"2013-12-20","Union Villa Pampa","ACTIVO",1,"2021-07-04 21:25:39",NULL),
(93,74648400,"LP","Yhosmil","Escobar","Encinas","masculino","tika belen",746474644,"2010-10-23","tika belen","ACTIVO",1,"2021-07-04 21:27:08",NULL),
(94,78474848,"LP","Ana Maria","Hilaquita","Laura","masculino","villa potosi",74464784,"2015-01-04","villa potosi","ACTIVO",1,"2021-07-04 21:28:28",NULL),
(95,17673647,"LP","Mayte","Tola","Chambi","femenino","tolawilque",71873673,"2016-06-27","tolawilque","ACTIVO",1,"2021-07-04 21:34:25",NULL),
(96,14562626,"LP","Maria","Tola","Callejas","femenino","acoaconi",73456622,"2015-01-04","acoaconi","ACTIVO",1,"2021-07-04 21:35:40",NULL),
(97,19973738,"LP","Sara Mikaela","Tola","Chambi","femenino","tolawilque",71653635,"2010-05-30","tolawilque","ACTIVO",1,"2021-07-04 21:37:04",NULL),
(98,16763833,"LP","Deymar","Tola","Hilaquita","masculino","tolawilque",71656567,"2016-12-02","tolawilque","ACTIVO",1,"2021-07-04 21:38:57",NULL),
(99,17161817,"LP","David","Tola","Yampara","masculino","tolawilque",74647474,"1983-06-29","tolawilque","ACTIVO",1,"2021-07-04 21:40:23",NULL),
(100,75663789,"LP","Emiliana","Copaja","Tola","femenino","tolawilque",71545356,"1987-08-17","tolawilque","ACTIVO",1,"2021-07-04 21:41:58",NULL),
(101,175273637,"LP","Carmen","Vasquez","Pablo","femenino","tolawilque",73637637,"1984-06-14","tolawilque","ACTIVO",1,"2021-07-04 21:43:07",NULL),
(102,17527300,"LP","Carmen","Vasquez","Pablo","femenino","tolawilque",73637637,"1984-06-14","tolawilque","ACTIVO",1,"2021-07-04 21:43:55",NULL),
(103,82828370,"LP","Enrique","Tola","Yampara","masculino","tolawilque",74647464,"1981-04-16","tolawilque","ACTIVO",1,"2021-07-04 21:45:52",NULL),
(104,10902038,"LP","Aurora","Tola","Choque","femenino","san pedro de curahuara",73637638,"1952-08-11","san pedro de curahuara ","ACTIVO",1,"2021-07-04 21:47:22",NULL),
(105,18737637,"LP","Florinda","Tola","Copaja","femenino","Union Villa Pampa",73637363,"1978-09-10","Union Villa Pampa","ACTIVO",1,"2021-07-04 21:48:52",NULL),
(106,17542535,"LP","Genoveva","Copaja","Casilla","femenino","san pedro de curahuara",73373637,"2001-01-03","san pedro de curahuara","ACTIVO",1,"2021-07-04 21:50:22",NULL),
(107,7654090,"LP","Francisco","Apaza","Gutierrez","masculino","san pedro de curahuara",64747474,"1983-08-21","san pedro de curahuara","ACTIVO",1,"2021-07-04 21:51:52",NULL),
(108,17638637,"LP","Mariana","Ajno","Felipe","femenino","Union Villa Pampa",7626908,"2017-01-17","san pedro de curahuara","ACTIVO",1,"2021-07-04 21:54:22",NULL),
(109,7675789,"OR","Fidel","Chambi","Saca","masculino","Union Villa Pampa",72527745,"1951-04-24","union villa pampa","ACTIVO",1,"2021-07-04 21:55:49",NULL),
(110,63736378,"LP","Mary Luz","Terrazas","Mamani","femenino","nequejavira",74647478,"2008-08-08","nequejavira","ACTIVO",1,"2021-07-04 21:57:11",NULL),
(111,8974748,"LP","Videlia","Laura","Condori","femenino","acoaconi",67455678,"2006-10-13","acoaconi","ACTIVO",1,"2021-07-04 21:58:46",NULL),
(112,14356636,"LP","Cristina","Pablo","Chambi","femenino","villa potosi",76474648,"1949-06-11","villa potosi","ACTIVO",1,"2021-07-04 22:00:58",NULL),
(113,9897688,"LP","Roly","Tusco","Huanca","masculino","villa potosi",76549844,"2010-10-28","villa potosi","ACTIVO",1,"2021-07-04 22:02:45",NULL),
(114,90879685,"LP","Leandra","Vasquez","Barco","femenino","tolawilque",67646468,"1932-02-21","tolawilque","ACTIVO",1,"2021-07-04 22:04:34",NULL),
(115,9087960,"LP","Leandra","Vasquez","Barco","femenino","tolawilque",67646468,"1932-02-21","tolawilque","ACTIVO",1,"2021-07-04 22:05:15",NULL),
(116,19839380,"LP","Adan","Mamani","Casilla","masculino","san pedro de curahuara",67464646,"2003-03-27","san pedro de curahura","ACTIVO",1,"2021-07-04 22:06:53",NULL),
(117,10907857,"LP","Filomena","Hilaquita","Calle","femenino","tolawilque",76474688,"1986-04-18","tolawilque","ACTIVO",1,"2021-07-04 22:09:01",NULL);


DROP TABLE IF EXISTS `sp_pieza_dental`;

CREATE TABLE `sp_pieza_dental` (
  `id_pieza_dental` int(11) NOT NULL AUTO_INCREMENT,
  `numero_pieza_dental` int(11) DEFAULT NULL,
  PRIMARY KEY (`id_pieza_dental`)
) ENGINE=InnoDB AUTO_INCREMENT=53 DEFAULT CHARSET=utf8 COLLATE=utf8_spanish_ci;

INSERT INTO `sp_pieza_dental` VALUES (1,1),
(2,2),
(3,3),
(4,4),
(5,5),
(6,6),
(7,7),
(8,8),
(9,9),
(10,10),
(11,11),
(12,12),
(13,13),
(14,14),
(15,15),
(16,16),
(17,17),
(18,18),
(19,19),
(20,20),
(21,21),
(22,22),
(23,23),
(24,24),
(25,25),
(26,26),
(27,27),
(28,28),
(29,29),
(30,30),
(31,31),
(32,32),
(33,33),
(34,34),
(35,35),
(36,36),
(37,37),
(38,38),
(39,39),
(40,40),
(41,41),
(42,42),
(43,43),
(44,44),
(45,45),
(46,46),
(47,47),
(48,48),
(49,49),
(50,50),
(51,51),
(52,52);


DROP TABLE IF EXISTS `sp_tratamiento_alergias`;

CREATE TABLE `sp_tratamiento_alergias` (
  `id_alergia` int(11) NOT NULL AUTO_INCREMENT,
  `nombre_alergia` varchar(50) COLLATE utf8_spanish_ci DEFAULT NULL,
  `detalle` varchar(250) COLLATE utf8_spanish_ci DEFAULT NULL,
  `id_paciente` int(11) NOT NULL,
  `creado_en` timestamp NOT NULL DEFAULT current_timestamp(),
  `actualizado_en` timestamp NULL DEFAULT NULL,
  PRIMARY KEY (`id_alergia`),
  KEY `fk_tratamiento_alergias_paciente` (`id_paciente`),
  CONSTRAINT `fk_tratamiento_alergias_paciente` FOREIGN KEY (`id_paciente`) REFERENCES `sp_paciente` (`id_paciente`)
) ENGINE=InnoDB AUTO_INCREMENT=7 DEFAULT CHARSET=utf8 COLLATE=utf8_spanish_ci;

INSERT INTO `sp_tratamiento_alergias` VALUES (5,"Paracetamol","el paciente tiene alergia a las tabletas",16,"2021-07-03 21:22:20",NULL);


DROP TABLE IF EXISTS `sp_tratamiento_consulta`;

CREATE TABLE `sp_tratamiento_consulta` (
  `id_consulta` int(11) NOT NULL AUTO_INCREMENT,
  `tratamiento` varchar(25) COLLATE utf8_spanish_ci DEFAULT NULL,
  `motivo_tratamiento` varchar(250) COLLATE utf8_spanish_ci DEFAULT NULL,
  `alergico_medicamento` varchar(25) COLLATE utf8_spanish_ci DEFAULT NULL,
  `cual_medicamento` varchar(250) COLLATE utf8_spanish_ci DEFAULT NULL,
  `alguna_cirugia` varchar(25) COLLATE utf8_spanish_ci DEFAULT NULL,
  `porque` varchar(250) COLLATE utf8_spanish_ci DEFAULT NULL,
  `alguna_enfermedad` varchar(250) COLLATE utf8_spanish_ci DEFAULT NULL,
  `cepilla_diente` varchar(25) COLLATE utf8_spanish_ci DEFAULT NULL,
  `cuanto_dia` varchar(150) COLLATE utf8_spanish_ci DEFAULT NULL,
  `id_paciente` int(11) NOT NULL,
  `creado_en` timestamp NOT NULL DEFAULT current_timestamp(),
  `actualizado_en` timestamp NULL DEFAULT NULL,
  PRIMARY KEY (`id_consulta`),
  KEY `fk_tratamiento_consulta_paciente` (`id_paciente`),
  CONSTRAINT `fk_tratamiento_consulta_paciente` FOREIGN KEY (`id_paciente`) REFERENCES `sp_paciente` (`id_paciente`)
) ENGINE=InnoDB AUTO_INCREMENT=14 DEFAULT CHARSET=utf8 COLLATE=utf8_spanish_ci;

INSERT INTO `sp_tratamiento_consulta` VALUES (4,"no",NULL,"no",NULL,"no",NULL,"otras","si","2 veces al dia",16,"2021-07-03 20:27:41",NULL),
(5,"si","por extraccion","si","a los inyectables","no",NULL,"otras","si","3 veces al dia",17,"2021-07-04 02:24:21",NULL),
(6,"si","extraccion","no",NULL,"no",NULL,"otras","si","1 ves al dia",18,"2021-07-04 02:38:48",NULL),
(7,"no",NULL,"no",NULL,"no",NULL,"otras","si","2 veces al dia",19,"2021-07-04 02:54:49",NULL),
(8,"no",NULL,"no",NULL,"no",NULL,"epatitis","si","2 veces",20,"2021-07-04 03:00:30",NULL),
(9,"no",NULL,"no",NULL,"no",NULL,"otras","si","2 veces al dia",21,"2021-07-04 03:16:40",NULL),
(10,"no",NULL,"no",NULL,"no",NULL,"asma","si","1 ves al dia",23,"2021-07-04 03:25:28",NULL),
(11,"si","prevencion","no",NULL,"no",NULL,"diabetes","si","1 ves al dia",24,"2021-07-04 03:37:19",NULL),
(12,"si","prevencion de dientes","no",NULL,"no",NULL,"otras","si","2 veces al dia",25,"2021-07-04 03:47:31",NULL),
(13,"si","periodoncia","no",NULL,"no",NULL,"otras","si","3 veces al dia",26,"2021-07-04 03:58:55",NULL);


DROP TABLE IF EXISTS `sp_tratamiento_diagnostico`;

CREATE TABLE `sp_tratamiento_diagnostico` (
  `id_tratamiento_diagnostico` int(11) NOT NULL AUTO_INCREMENT,
  `nombre_tratamiento_diagnostico` varchar(100) COLLATE utf8_spanish_ci DEFAULT NULL,
  `estado` tinyint(1) NOT NULL DEFAULT 1,
  PRIMARY KEY (`id_tratamiento_diagnostico`)
) ENGINE=InnoDB AUTO_INCREMENT=12 DEFAULT CHARSET=utf8 COLLATE=utf8_spanish_ci;

INSERT INTO `sp_tratamiento_diagnostico` VALUES (1,"Amalgama",1),
(2,"Caries",1),
(3,"Endodoncia",1),
(4,"Ausente",1),
(5,"Resina",1),
(6,"Implante",1),
(7,"Sellante",1),
(8,"Corona",1);


DROP TABLE IF EXISTS `sp_tratamiento_enfermedad`;

CREATE TABLE `sp_tratamiento_enfermedad` (
  `id_enfermedad` int(11) NOT NULL AUTO_INCREMENT,
  `tiempo_consulta` varchar(50) COLLATE utf8_spanish_ci DEFAULT NULL,
  `motivo_consulta` varchar(100) COLLATE utf8_spanish_ci DEFAULT NULL,
  `sintomas_principales` varchar(150) COLLATE utf8_spanish_ci DEFAULT NULL,
  `tomando_medicamentos` varchar(25) COLLATE utf8_spanish_ci DEFAULT NULL,
  `nombre_medicamento` varchar(250) COLLATE utf8_spanish_ci DEFAULT NULL,
  `motivo_medicamento` varchar(250) COLLATE utf8_spanish_ci DEFAULT NULL,
  `dosis_medicamento` varchar(250) COLLATE utf8_spanish_ci DEFAULT NULL,
  `id_paciente` int(11) NOT NULL,
  PRIMARY KEY (`id_enfermedad`),
  KEY `fk_tratamiento_enfermedad_paciente` (`id_paciente`),
  CONSTRAINT `fk_tratamiento_enfermedad_paciente` FOREIGN KEY (`id_paciente`) REFERENCES `sp_paciente` (`id_paciente`)
) ENGINE=InnoDB AUTO_INCREMENT=15 DEFAULT CHARSET=utf8 COLLATE=utf8_spanish_ci;

INSERT INTO `sp_tratamiento_enfermedad` VALUES (5,"1 semana","dolor dental","temperatura y dolor","si"," paracetamol"," dolor "," 4",16),
(6,"2 dias","cirugia bucal","dolor ","si","paracetamol","dolor",4,17),
(7,"1 dia","prevencion","un poco de dolor","si"," "," "," ",18),
(8,"2 dias","caries","minguna","si"," "," "," ",19),
(9,"1 semana","caries en los dientes","molestia en ocaciones","si","paracetamol "," resfrio"," 4",20),
(10,"1 dia","extracion","dolor","si"," refrianex"," resfrio"," 3",21),
(11,"2 dias","dolor de dientes","dolor","si"," "," "," ",23),
(12,"1 dia","restauracion","dolor dental","si"," "," "," ",24),
(13,"3 dias","muela","dolor de dientes","si","paracetamol","resfrio",3,25),
(14,"3 dias","molestia de diantes","dolor ","si","refrianex","resfrio",4,26);


DROP TABLE IF EXISTS `sp_tratamiento_fisico`;

CREATE TABLE `sp_tratamiento_fisico` (
  `id_fisico` int(11) NOT NULL AUTO_INCREMENT,
  `presion_arterial` decimal(5,2) DEFAULT NULL,
  `pulso` decimal(5,2) DEFAULT NULL,
  `temperatura` decimal(5,2) DEFAULT NULL,
  `frecuencia_cardiaca` decimal(5,2) DEFAULT NULL,
  `frecuencia_respiratoria` decimal(5,2) DEFAULT NULL,
  `peso` decimal(5,2) DEFAULT NULL,
  `talla` decimal(5,2) DEFAULT NULL,
  `masa_corporal` decimal(5,2) DEFAULT NULL,
  `id_cita` int(11) DEFAULT NULL,
  `creado_en` timestamp NOT NULL DEFAULT current_timestamp(),
  `actualizado_en` timestamp NULL DEFAULT NULL,
  PRIMARY KEY (`id_fisico`),
  KEY `fk_tratamiento_fisico_paciente` (`id_cita`),
  CONSTRAINT `fk_tratamiento_fisico_paciente` FOREIGN KEY (`id_cita`) REFERENCES `sp_cita` (`id_cita`)
) ENGINE=InnoDB AUTO_INCREMENT=15 DEFAULT CHARSET=utf8 COLLATE=utf8_spanish_ci;

INSERT INTO `sp_tratamiento_fisico` VALUES (14,"20.40","12.50","35.00","79.00","2.70","67.00","1.68","52.00",6,"2021-07-05 04:10:19",NULL);


DROP TABLE IF EXISTS `sp_usuario`;

CREATE TABLE `sp_usuario` (
  `id_usuario` int(11) NOT NULL,
  `usuario` varchar(30) COLLATE utf8_spanish_ci NOT NULL,
  `clave` varchar(256) COLLATE utf8_spanish_ci NOT NULL,
  `foto` varchar(100) COLLATE utf8_spanish_ci NOT NULL,
  `creado_en` timestamp NOT NULL DEFAULT current_timestamp(),
  `actualizado_en` timestamp NULL DEFAULT NULL,
  PRIMARY KEY (`id_usuario`),
  CONSTRAINT `fk_persona_usuario` FOREIGN KEY (`id_usuario`) REFERENCES `sp_persona` (`id_persona`)
) ENGINE=InnoDB DEFAULT CHARSET=utf8 COLLATE=utf8_spanish_ci;

INSERT INTO `sp_usuario` VALUES (1,"GERMAN_12345678","38880e0157b171d0eadb3e94918e99ba27d96b8950239d9f8d69abf740216a8d48a1861e91b65dcbf54cff20260ca9f3317d92463a4395b056a374427f049448","img/users/1624764278_d44b9b2e03d4b5dd1216.png","2021-02-15 12:04:34","2021-07-03 20:01:47"),
(14,"WILMER_10907085","597638268aafceedf1270dd930180a507a3a25f6cb61d184565d4f9a39e45bfc40906946e45b84fcb9eca9418c63038f252ea099ec0ccdb2857dbccb5056a5e3","","2021-07-03 20:09:36",NULL),
(15,"CARLOS_91678901","2d4c5fffe4c7b11970d4543995df7952d947b7190d223bfcb8833c5bcb96f87909768b5e352240faa33503c5e885c467ed5cc024922d8db3dca889514c77f6ca","","2021-07-03 20:12:56",NULL),
(16,"VLADIMIR_76454738","d7765761cb8f918c2bad165b3e706eca8ed59055b1469deef6ba299506ccd3a6da034138b86f3c1e8c21dcd4410d0ad626a0a4c40ce2f35e1b8255890723e513","","2021-07-03 20:22:31",NULL),
(17,"JAVIER_10907856","9633cb4a06c904e07fed9d3696874d6ce4a78ec7b933f2ce08a5344c6a21058cd4e2c1399a790261a4c98d32d278e4e8149c7b113f818e0e5672f897c4011eb2","","2021-07-04 02:13:13","2021-07-04 02:22:07"),
(18,"ALINA_14785896","fe5084c037db5396a35d54183a92055f4d22386da3d130994333c469167ab51ab8e0e7ad777e66feacfa17f8614ca070bb6cb4c833318d5a03a47f56a9bdf82d","","2021-07-04 02:34:27",NULL),
(19,"ZULMA_7856932","2f6854eec319d6af631c1d753dbc0e8ac1abfbd7b41f1564b0eabe28494db031aaa72439384d96b281f76955796209f75bc07c91db944d28300bf4317cdbedb6","","2021-07-04 02:48:11",NULL),
(20,"GUALBERTO_7673766","e2af57bdae42333188ebf6e235b812cfd6ecaaaa8382b8b66b9752328c3b38ee4d4d41e3c527893d98b5b351193e1e42324625bfd21d448669d3b68f1c4ae50d","","2021-07-04 02:49:54",NULL),
(21,"ROSSE_14785897","65c6757a1297fabe1597ec541769975e65edb5a20336ba0c7564f24b3e5efefcd43bf4c4eff9d3ae6cd064af0c7b395e491f74c09d74a19cbc8a2751d79ec0c1","","2021-07-04 03:04:12",NULL),
(22,"VICENTA_25896312","b4174e062c80f3ba42ae1c3511dd5e2cff9dc0dcc9207f92204004362f6cf8dcd71340af18222bc4436c61e637a92c211d24a9cce79311f7e61909cbc3dd0dc1","","2021-07-04 03:06:14",NULL),
(23,"TEREZA_14785898","a0daa5277202aa0e6d49dce37d7d29b5e062568dc0d461f85a436db4abc7448d70c7e0e52c13fbf14da2861d7d1e293c6052b6d071a065e56e523f7a56d40021","","2021-07-04 03:08:23",NULL),
(24,"JULIA_7845346","88b265187f3e056eb38951f1e99b0e781661409224e2a2c2c7d0c0905f81a5d109c870bd8c063056c9bbc289fbaefac8f8c9e0571f6faa25707883e8e72e4249","","2021-07-04 03:33:37",NULL),
(25,"ROSA_87867889","9352f5879ea3eca7af18b3c049e0f18dc78d6a9921b81c6f2efe4c4cd489802838a87a2e4eac9d84cccba9cde6d7ba0df887a76c51e46a97e1e66924bbd50d9e","","2021-07-04 03:42:20",NULL),
(26,"MARIBEL_76887383","1f6831d415707f55a1986dad3679eeaf34500e497bd490a165d71704ebb181bde79a9918382030ccc04a312b721b66a80ae48f516ff7b7f578828b3dda9c2b3e","","2021-07-04 03:54:36",NULL),
(27,"ROSSI_94476584","1293f2431d025a7669f9ca7ad3c11296fdd90f45ce3c660ee7d5cd51f01a03b5f9be88614eb940313602b9db3025f193ca415971ba0c2ec2e819eb15830ba878","","2021-07-04 19:05:41",NULL),
(28,"LIDIA_6454664","ac93afca53c1cbece2795bbd752cb4c0087db15a4f9497debd84bd69531848c16708624bf00767f8ce09a45d9436f75772b920a96923db51a32549b3ae748a80","","2021-07-04 19:08:03",NULL),
(29,"AGUSTIN_65756574","b4ced448bc8ef541e1560e1a922eb537cf79c3242af5e007d59f8a68661f7a1cbd5e28ee601de496e8958a9879684b7567fbce452e1e5d424e7a5763a6bde9e2","","2021-07-04 19:10:13",NULL),
(30,"ADELA_6454647","14b49d2797926e58ed83a99154a6cd5d035461002d6b9783c309f8077f561b770aa35905bf3c6573d19c30e2eff0a08a927a7ba8b4f98ce84cf37c72dca88504","","2021-07-04 19:11:55",NULL),
(31,"DIEGO_8765783","2892d77dbbb9e2f4d4d34628327ea2e595ca65868c878684eb5bf0d72507c5e58f7f9f53a01858cd01309584634a430a71526bb4dadb28b5425e7c359f0bc0ea","","2021-07-04 19:14:03",NULL),
(32,"ALICIA_64454736","a5eab8a0db4d3a4f8fbbb67a8de232082b462cba2084bb8026c311be9b20507041cc3ad04ff0e48c41ff9356b8b0cb3fc5c8cf436421d3433870853c2655b114","","2021-07-04 19:15:22",NULL),
(33,"JUDITH_89686879","60c1a553fdd873e33740a0112cb10db01962f666f55bafe6d47eeb262835f6fd2b870df6c0c7efd5d8665b43b695510d0e4606475c52c0be94f7fdc3b49b16bc","","2021-07-04 19:20:01",NULL),
(34,"NESTOR_11746474","bb36e4ed6c5522dfbc225e7c04fb9a61b4e491da6ba5db28977fa0068e3d72d970072ce69813f849152f389e159240f2900c83efcae2f574a91f853bc25bca4d","","2021-07-04 19:21:36",NULL),
(35,"TERESA_89775784","89a2b0aa1d687035edd98c40295df26f15cbf78985e3fd4cf337f36c2ef232bd05e7574489327a5291e2fbde56e6f50a07a37d0f47d0fc4c278f1bbc02639eb7","","2021-07-04 19:23:17",NULL),
(36,"MICHEL_64746474","84be9b229aa93e16732af5c02b7a9f2a99a64479fd9b4711234143061c6c636946de211005c23c36fe2862a0d93575fa918beb6874f1c819944b75ccf980051f","","2021-07-04 19:25:13",NULL),
(37,"ELENA_65756571","d5ffd134984c4cc0ae452376796ec0dcd67fc523bb3cfce553837b1e561ebce6ed62cd1deb5206e89cc1a90a925c280de567d5b365346e60c8213b37bef34ebd","","2021-07-04 19:26:46",NULL),
(38,"GONZALO_6474609","129e6a11a82b1718603e83163baa7ca69cab170fe5aa0a85b52914418fbb02301d1e99dff92a9d4357ab74903b5d8509ae333e4ad60433d85c87e04cd6b4432c","","2021-07-04 19:28:24",NULL),
(39,"AURORA_1129078","63e8f1f5d46dc0c6b6c3c7858c2373c7301ec4e8a61ba3c8a19000a6b2bbc34f15cb6dc36bf92572a66592f305d83e92487f7b104a0f381ce57be751854a3d7d","","2021-07-04 19:30:32",NULL),
(40,"VICENTE_8990066","6fe5bd1204b9e3c12ed1c619addd24576f1ab7d74f198a4d94433d00fb26a9bc634996d52e92f41ece60041e8de3aa40e957d6dc0b00001ac003098a7d92f757","","2021-07-04 19:32:03",NULL),
(41,"LUCIO_78585857","ce5450938a8fce8229f10a1440ee1f10e054dd14f16dbd5d2baa4a88bf62b5d077d465e3e17b783ca52e315ca8f2a5abae7de236e561c8ad79aac62e65627d6e","","2021-07-04 19:33:56",NULL),
(42,"EUSTAQUIO_8768680","6ae440e65c45f05721c1e021986e32493535b4f6fad3b2903256c8a105220c4e575b35a4ff784acc63e5d4400090248679227203994833f6d397a51eae6a315a","","2021-07-04 19:35:48",NULL),
(43,"NAYELI_94849480","853753de24c35cb0696296eff1466cbc6f347793e5de50778240b5a5998ef465b779f7c098251a26c1d987508d2a2117cdca74f76ce75675a7d1bdd9d0df51f4","","2021-07-04 19:37:34",NULL),
(44,"ARIANA_10908980","86f4aba4ccfeae639225e9e9e5f57294dcc902c9ca36f041d4c40c49ea526fb5ae10c43d5acbd5712b2c4a4917ebd1e94645fab8da8424f470e81651e10b4528","","2021-07-04 19:39:00",NULL),
(45,"ZULEMA_85758548","9f4327e16d43fac6f67cf244483ef57669474ba1dcd233c2692a206b845b4df80ebe879097e42feae1b12548bb7f0b5a2ae321736031e34e2917c141f53dbb41","","2021-07-04 19:41:31",NULL),
(46,"ROMAN_98595850","533890f163423b8dcd1c29ace91346e14fec9f9817c9f0b82386fecc9c6e2818feae499790e8e8796156f51cb779cd2c4e3bb3dad3323b9967de0f5ef3a2704b","","2021-07-04 19:42:56",NULL),
(47,"FRANZ_9484948","ea6a5901e085015a1931853355d8ce6ffc341397eefd01aa64732289d06b20115c718c2db879282dfd2831770c962550714b0fcb89809bea2493eac0bb3233a4","","2021-07-04 19:44:45",NULL),
(48,"VIDELIA_90786969","e898f5a3db69c1c41131874a42b4ef50409b11c1fd6d8843b3da92b05d333ef771a4486b7f78c5cc997ee6feca6bb95bc4d0561d6cc74e6ef872fbe8f5a462f2","","2021-07-04 19:46:08",NULL),
(49,"JHON_74847484","e898f5a3db69c1c41131874a42b4ef50409b11c1fd6d8843b3da92b05d333ef771a4486b7f78c5cc997ee6feca6bb95bc4d0561d6cc74e6ef872fbe8f5a462f2","","2021-07-04 19:47:44",NULL),
(50,"CENAYDA_9007879","3830eb48a636aaa1a031965d5022c258376e3c91af8d37e6edc935f27a7ee4c931ce10c96618143dd3d4ea6b5576512f1d71b196f05c3fa12c5a623166293b65","","2021-07-04 19:49:02",NULL),
(51,"EDWIN_7575857","fbbd6eed3e377f765d1a37dca086ca3e86408a75cad5b892c1be0985af6161c93a5a11b95aca1249b166eebb6aa468d933adba4988b6da9b0131772c18753138","","2021-07-04 19:50:26",NULL),
(52,"MARIA_75758578","9e6e18c5bac748ba527ba8cd6f111a61133481d4eff4b144cf71e38b65539cd2c346e2dc3337581b58b02ca7c751d18ea16b8b04243f8070f7d2f70b8a397c22","","2021-07-04 19:51:47",NULL),
(53,"OSACAR_79686905","a9aa872910ecf4c97ff6ef1cdf61dfde2bc41e68d4191c26fc1071aca11e23d5f1ddbbe1c57165290c7fe76b816c7b1e86458feee9857e78a3e13c394d2a322f","","2021-07-04 19:53:18",NULL),
(54,"MATIAS_12909098","b29b9cdede9a622bd27642db3a04333b6588a6c987985424689b160067fc73d777d728a56915af0edfc58b63fec5848719b9ff9c58551438c8dc66eb1c36814e","","2021-07-04 19:55:06",NULL),
(55,"EMILIA_9784837","c4d8149e7401a6699b7843bbdca2aaed4a77debc1022681e04e60bbeb124043a951353f9166d52e7123c62e3696a30d79397f87f40cf78897b7a714d294b6624","","2021-07-04 19:56:49",NULL),
(56,"DELIA_92187383","76c5eb7256f5b57b225e223282d5d26626d05db20afb6cd8820a6848485d8a2e705a515afff2dcf4bba4a62d906d5dc3181383970bceddb912115c19982801c9","","2021-07-04 19:58:14",NULL),
(57,"NAYELI_77575857","61e0edf84195247cbb2e7a79497bbb9796c80e36b82076a090f03f9045cd9117d9aa198d398728153d679620fe7cfb20613c97498fac9ba13d196ad717fae16a","","2021-07-04 19:59:44",NULL),
(58,"GIOVANA_84748478","807b77d03f820ba548a7ee9e9dd158810440f7cc90791dc3eac177503f2ca394d15095cb477c354f3a721ba922bc860fc8a2a192be6ad1d281f43bca432be5d8","","2021-07-04 20:01:15",NULL),
(59,"CENAYDA_18738373","453b584a7698108ef8a545c87d09036aef53bbeca95b573d7539ccfd874d9b8d1d8bfff64f59c83ca235257d5f4f95ff22661868428a90b3c8703752c29f868a","","2021-07-04 20:02:53",NULL),
(60,"ROBERTH_12357657","bfa1d814d36d2a0b3b87112305fe15d424f71260b96719922ae13f1b18ae1e2e6357372b26ca782de69aec9955d602a7b9c7f56d27a795c4d03354858a1209d1","","2021-07-04 20:04:08",NULL),
(61,"ROOSY_74847480","78c29bb558a695ae683ecb71f6b48738bf9c682119c2673dc63ba1af74c8d96742aae592ee8bdfbd9aebb1a39790f8b79a9a6d1902dc3c0f6f5c315ef78f3f56","","2021-07-04 20:05:57",NULL),
(62,"DEYSI_74847400","df7d148475c2bffb3898dacda231bd675c94eea22d320fc62f565019d8cfc0ea1d0f7fff48abfd9944a5d0e663ffb1460a1e5ec2a0ee447206a748f3f5d2f281","","2021-07-04 20:12:24",NULL),
(63,"CARLOS_1230987","acff93363967da76d3452c1a86aac37bbe3d097bed376b9180950407924d688052beffc2467f8dfbfc4d84030aebc15ec88f9875628ffd6153071b99f0a9d1d6","","2021-07-04 20:14:45",NULL),
(64,"LEONARDO_98847484","5b39e4f422a8aa6f06c09ad6ae9d1f9cdfd6eca052193f9db011d9c38ff8f3ed0f9a4220f1ac83a0c539733790b4ce6ac0cdb3c6bdc30d17723add40019b047e","","2021-07-04 20:16:02",NULL),
(65,"MARIO_134567588","07868a23aed30d5ff4a5c78da090f635533e4d896ca0d61766541890d9c1c091bd7fcd8b139fee76e18946b38b86289dc8dbca8898949f19eb2989751850b6b9","","2021-07-04 20:17:47",NULL),
(66,"EMMA_7894849","7b4b137f97baf8739bf42be88952ebd173c9c78eb0ed4ed9b5e0bd5da0dbedb1f04ba63eb89d138a339cad42a4af3dcc9c6a44272cb4a8414f2d06dc3c988a23","","2021-07-04 20:19:14",NULL),
(67,"GIOVANA_98074840","b3e6add6918c1c13764a631abfb795032a19caaa8b18f2741f8e76b56357be483a9807703cb5d06ba0212dc4bb60bb39d709ab4db6566553d94776d321095e3c","","2021-07-04 20:24:52",NULL),
(68,"JUAN_90807908","b3e6add6918c1c13764a631abfb795032a19caaa8b18f2741f8e76b56357be483a9807703cb5d06ba0212dc4bb60bb39d709ab4db6566553d94776d321095e3c","","2021-07-04 20:26:44",NULL),
(69,"FABIOLA_67895858","909e9de850df26ce62170f9e7990548293c497928d691c4c00bf1811f558d4b0d29ba537183a6c5936ba25a98c6356963cf1e790defc4319f507f87d78065289","","2021-07-04 20:28:09",NULL),
(70,"DORIS_7898587","7c384469ce85e348ce9160124b78f424f841db643d925a6fc4208663a74f7bb6ddf5bfa318d41e54d405eb5ea9a1778af3a7f9d5ce14a48047a544fa23ca78e0","","2021-07-04 20:29:36",NULL),
(71,"EVER_67578809","f2b150e86ec5a4348e8f2189c6116d093c95b92f309a5ebf87b6a8ebdc1bb425706b6afccfb56130610b81b3d303a5380652b9991e8c03af69508ef3fc2a8e2b","","2021-07-04 20:31:20",NULL),
(72,"OMAR_74647464","e3ab9dfe5bc41abf30e315731215675b6cecf5258ca21c1e4dab0e29a16b056a54d7178fd0b975ac0e8e53e1e74c0a3c459b6571067e7dab24e8158ab70a1989","","2021-07-04 20:33:30",NULL),
(73,"ANDRES_12990087","93ba02b79931fd04634852475bf949de7e1d4bb6dc398aa7163e42a5df03983f9a07d4a41e24aca101125abc49644d27e318aeac02df0d7a43e9a1273e961549","","2021-07-04 20:34:47",NULL),
(74,"ELY_64846480","4f278ff14e95dc6ab2a44ca47183826e057763dee406199941b51233dcbb3cb21913bf4d0883d09a627831ed2b750b558d92b3c7400f08f0a23f9d22ca5545fe","","2021-07-04 20:35:54",NULL),
(75,"JUAN_90857589","4f278ff14e95dc6ab2a44ca47183826e057763dee406199941b51233dcbb3cb21913bf4d0883d09a627831ed2b750b558d92b3c7400f08f0a23f9d22ca5545fe","","2021-07-04 20:37:02",NULL),
(76,"GENARA_90585895","895db155aad667418b1a5f790b948f0f0b210d3a6c424e0b8b1811955d7f66b754a38fddf82b618d1b98f905986002a4ddf010a3969a372f82f8a9d25207e0c6","","2021-07-04 20:38:27",NULL),
(77,"RONALD_74746484","ca9e11210df72ca2e0fb10286d99f1d606ae69e6894f79c82e74a06362eedfcfccc30cbb1f76b214e7ef5ec5ec2dd636b4aa855adbb83c0b504e21c27166295d","","2021-07-04 20:39:35",NULL),
(78,"EFRAIN_85700904","fc33706206ad8a62a6667612e53b575b7f955c6866e048f6456d3bcd7119dc0930a03a4ae6d9f06ad23cc020d92d461bf1f79fb0c2bd1845eb29059959f5af7c","","2021-07-04 20:40:50",NULL),
(79,"REGINA_13090883","33058cda3cf894498390210e34ab3d08d4b015eed86a0d5c32ca04a0360e09e8cfb06fd608fe029706e3f0bbb17fe6c65bc6348298674ab98b2dcaa617617408","","2021-07-04 20:42:25",NULL),
(80,"BEYMAR_74648474","33058cda3cf894498390210e34ab3d08d4b015eed86a0d5c32ca04a0360e09e8cfb06fd608fe029706e3f0bbb17fe6c65bc6348298674ab98b2dcaa617617408","","2021-07-04 21:07:50",NULL),
(81,"BEYMAR_74648471","33058cda3cf894498390210e34ab3d08d4b015eed86a0d5c32ca04a0360e09e8cfb06fd608fe029706e3f0bbb17fe6c65bc6348298674ab98b2dcaa617617408","","2021-07-04 21:08:29",NULL),
(82,"ROUS_90899091","3615be5849315d3bf4c236699bb63e85cf0365f85b28ee4e13185be045fb34aec7d96bbc4c2f032fa508c2d1446e120b00b716369541132bd026873fb7aadc86","","2021-07-04 21:10:10",NULL),
(83,"ROSMERY_90948494","3cda6f9a577933a692248432424a705efced629a1a8ba8186bbbf8dbe52dcac0846f57eab134e4d66ca582196a57e2e0b5c5f4662912004248e7df3c1f5bc63f","","2021-07-04 21:11:56",NULL),
(84,"SANDRA_89097890","c551d656d51e693d056a29caf6af15c1fb2ca945a4a76926d352cf35040c0b54e25a3d8502da3a85ee5fe55e44ce0a0102598645204d257e3abf1b596072d1be","","2021-07-04 21:13:30",NULL),
(85,"LIZETH_12355433","5d406565ad63ceb352b5943a91fc97f2ab111cb706f34df6414f2b60920ef832e615cbd0d3f05f49701228fe3303346aeffa176ffc45aa6f49dd84de3ae075d3","","2021-07-04 21:14:54",NULL),
(86,"LEYDI_84748740","81b5d28fc45f0d9c4cfa2e32b29dd71e7a63ae1849790ba216f21eae39f748cd49477533606a08d1cc5cdbafbf148964eaa1d67c7ebda000a5696055bb7d4abc","","2021-07-04 21:16:14",NULL),
(87,"EDERSON_74640093","09e16d8bc778afbe3fbabcd1c1770ef39cc36857b1bd158733bad2127fe5f6c185b9548dee53f1e8821a06286ab19816cdcc7a5d1ee3d9bda690716642bf61ee","","2021-07-04 21:18:02",NULL),
(88,"SUSANA_123577880","2e07980e976a8ad08815891d9a5d33b486f2499a60d2bf8d992e92f5bef3874293914d4c3da027a3359d59022b44bce02f4a1eb53c6b588b7c92f1639b57ddc8","","2021-07-04 21:20:08",NULL),
(89,"ISABELA_10987546","115403a560637bdead65882ebd921328cead1f2bda1863262256224f3d112fd8a593aff66a0b092bdbeab7a5ab749d168927ca4d574d1df3d13d379560b6e952","","2021-07-04 21:21:31",NULL),
(90,"HERMINIA_10205076","b6a416bce57c7d7b405e225f00219d2a1c07364f9ac51ba873d0b1572086f205769be5025e2b424f566e8a4101faee444c330d9700642601a3db2274d9860cf4","","2021-07-04 21:22:48",NULL),
(91,"ALEX_98776778","5645624d250afbfcc3a7db2ac0fda5034c51fbff628d1a2de94268804cd480596d80b8a81de7d09196336b803457cce6be67303f469eefacbb712861c99d1cd2","","2021-07-04 21:23:49",NULL),
(92,"WILLY_78687879","9b3e0b9843037258f9fdb30569b3a613d390f6d87d3186460c9c779fa63a86dc186be3f66363bfd58d2dd894218a293bb6a4ba5762f30deb864232cf8440fabd","","2021-07-04 21:25:39",NULL),
(93,"YHOSMIL_74648400","02f94ff0b4b18b05e84f1f19e744a3ba06b3e7500426b295b43c2ddc7bfd9ba9fa5f172953c7a497d841ff458b952bab448483432cddba1de471e10d6624716c","","2021-07-04 21:27:08",NULL),
(94,"ANA_78474848","f285e9524d0dfdf97f927abe5a47063b2fe0ca618d2ef144f33dec45379393af126f85afaaa3fa3aa8153eabee71b73fbd52289be44bab05ce876081d328a993","","2021-07-04 21:28:28",NULL),
(95,"MAYTE_17673647","7a7796b87485ef783467c722fb194e7c929d0c0fa8274e7a28b877708f652436d4208158ca43aaf472ce34a55d17578147f06c6b16ce6599d096179c6b4c4850","","2021-07-04 21:34:25",NULL),
(96,"MARIA_14562626","f285e9524d0dfdf97f927abe5a47063b2fe0ca618d2ef144f33dec45379393af126f85afaaa3fa3aa8153eabee71b73fbd52289be44bab05ce876081d328a993","","2021-07-04 21:35:40",NULL),
(97,"SARA_19973738","fc14010e2fb88d02c25d04112f7486099589e260500d550a95a0a2fd1f685d43a2b11e8cd7b841cf3107adfb14d54d78514f072733f4bcfecc05da8776c00808","","2021-07-04 21:37:04",NULL),
(98,"DEYMAR_16763833","cc790bdcfb629230a95aa20719477ebeff4cae7c6b81a0193074aebf4dbb1e132586e343d6cd3fe58509e947d88a15653ad882a42a28c83b07325cae42b610f8","","2021-07-04 21:38:57",NULL),
(99,"DAVID_17161817","7baaac3c471303bc9d4992d4a374e61152f9fd0c156da289582f3ac28a179bce806ba0c1802f543d98f69aa4a6a906aa00abffccb8aa33871ba9bbf9f0b4b4d1","","2021-07-04 21:40:23",NULL),
(100,"EMILIANA_75663789","d003206db125dec0721c14e610c39eb2359750643f53cf961fec3f03e77c9657fd43dcba7653fe48325f7bf9c508e7e2688fb9d56e52f5d3e777b9151f44cf28","","2021-07-04 21:41:58",NULL),
(101,"CARMEN_175273637","7627260127ad7e52060459c6cf19de6da752dd5e06c8f8098296260caf4bd73e874be5bce7d2d84798c7d35a8891190c5bb427507cfbdd77a7f2cda9b7e9e74c","","2021-07-04 21:43:07",NULL),
(102,"CARMEN_17527300","7627260127ad7e52060459c6cf19de6da752dd5e06c8f8098296260caf4bd73e874be5bce7d2d84798c7d35a8891190c5bb427507cfbdd77a7f2cda9b7e9e74c","","2021-07-04 21:43:55",NULL),
(103,"ENRIQUE_82828370","5529316539935ed9e87dfa8c629c96e3ed42ca6cdebe88a8aaa9873761a168a974bd1fba9773f125e82ed4b3b1be2b75a9639a0bcb494306a1c1b87091bec40b","","2021-07-04 21:45:52",NULL),
(104,"AURORA_10902038","63e8f1f5d46dc0c6b6c3c7858c2373c7301ec4e8a61ba3c8a19000a6b2bbc34f15cb6dc36bf92572a66592f305d83e92487f7b104a0f381ce57be751854a3d7d","","2021-07-04 21:47:22",NULL),
(105,"FLORINDA_18737637","8e60c1c4bc3d8c0b58680874aecc6eab1e437dc0ae3d14d97d96e1a2d9274aa65be0306fcf7d3dfd9817c128d4397ed64350654bba5df0e36ae04f30fea73c5b","","2021-07-04 21:48:52",NULL),
(106,"GENOVEVA_17542535","8310ae642ad6088bf3eaf3cedd2d72062fb256952c04f00d25f4f8f1901eeace39d3f70ea7020f4a68ee338b446ceb70d32fc9b9d76f053d7b075266fc64616c","","2021-07-04 21:50:22",NULL),
(107,"FRANCISCO_7654090","a514f608a82067b6ea96ca8ff609123ecb4c7e1ab96357d23d4db6a1a035fcfb75cd871c6bc7333f5076e33066ba35a0101d14f7553d9862547748b734bfb5bf","","2021-07-04 21:51:52",NULL),
(108,"MARIANA_17638637","9851659bada1131152eeb13e7b3a79806c09238446cdfdcb2f3fa7aa657cb2b66f31311fe78df03c170589d3e16621f923b170fd00bfd7c269874cd6839940a8","","2021-07-04 21:54:22",NULL),
(109,"FIDEL_7675789","5cc439073e69df405cb0e56476aad339f82081f27cc829e4a201e95491b71807379d81c91369c6d1102a5888b5a034c3d972e9176028ccccc85dda0740fea7c5","","2021-07-04 21:55:49",NULL),
(110,"MARY_63736378","c9b18af5e7348cb7c691d8e0b8a739d68db63a361d0c18bff61ddb0b8e7807a700f320219b7aab8cdabb745284b781b5c6ff4250605ada6d8b0721f6f6d35c59","","2021-07-04 21:57:11",NULL),
(111,"VIDELIA_8974748","e898f5a3db69c1c41131874a42b4ef50409b11c1fd6d8843b3da92b05d333ef771a4486b7f78c5cc997ee6feca6bb95bc4d0561d6cc74e6ef872fbe8f5a462f2","","2021-07-04 21:58:46",NULL),
(112,"CRISTINA_14356636","9d617f0f14bce602489dec00bd8ff6dbc2c225decf5328359dc53e9cb6a0f59342c35451516d9f8131c46c0bd62338c918dd819beeb2b3fcc18283a402fcb8a6","","2021-07-04 22:00:58",NULL),
(113,"ROLY_9897688","c4474c38e743ac492cd836b07219cc8b1050627cda1eee342928c5137b31bda9e8455a1c87bce92248895ee00b4a6147390b0e53743d15233ba23f16871a9894","","2021-07-04 22:02:45",NULL),
(114,"LEANDRA_90879685","ee9bb3ad1a57340b107a483d928b3d53e9c53b032f15fe508be73508128e917c42c1a34ff3ed31651f8fd2feaf6abf8e94c0993ef5a681caa4dbd2ed38ebed2c","","2021-07-04 22:04:34",NULL),
(115,"LEANDRA_9087960","ee9bb3ad1a57340b107a483d928b3d53e9c53b032f15fe508be73508128e917c42c1a34ff3ed31651f8fd2feaf6abf8e94c0993ef5a681caa4dbd2ed38ebed2c","","2021-07-04 22:05:15",NULL),
(116,"ADAN_19839380","59a59fd4b51f48ec17935d8a779c4024dfeb111592b9dd15a29310549d57bdfaa80abfdd796ab08a4b401e4615582a9c6971ed636f43f76e590021e59ebc95a1","","2021-07-04 22:06:53",NULL),
(117,"FILOMENA_10907857","58226f4f64424f5c41f156099de2837090752ca9ff9a538d4b0ddf95d5ec607c3d26a2a2ad311d8e61c44c1d47a6911352547d83fb9490a3b25162d65651a99f","","2021-07-04 22:09:01",NULL);


DROP TABLE IF EXISTS `sp_view_cita`;

CREATE ALGORITHM=UNDEFINED DEFINER=`root`@`localhost` SQL SECURITY DEFINER VIEW `sp_view_cita` AS select `cita`.`id_cita` AS `id_cita`,`cita`.`numero_cita` AS `numero_cita`,`cita`.`tipo_tratamiento` AS `tipo_tratamiento`,`cita`.`observacion` AS `observacion`,`cita`.`fecha` AS `fecha`,`cita`.`hora_inicio` AS `hora_inicio`,`cita`.`hora_final` AS `hora_final`,`cita`.`costo` AS `costo`,`cita`.`estatus` AS `estatus`,`cita`.`estado` AS `estado`,`paciente`.`id_paciente` AS `id_paciente`,concat(`persona_paciente`.`nombres`,' ',`persona_paciente`.`paterno`,' ',`persona_paciente`.`materno`) AS `nombre_paciente`,concat(`persona_paciente`.`ci`,' ',`persona_paciente`.`expedido`) AS `ci_paciente`,`odontologo`.`id_odontologo` AS `id_odontologo`,concat(`persona_odontologo`.`nombres`,' ',`persona_odontologo`.`paterno`,' ',`persona_odontologo`.`materno`) AS `nombre_odontologo`,concat(`persona_odontologo`.`ci`,' ',`persona_odontologo`.`expedido`) AS `ci_odontologo`,`cita`.`creado_en` AS `creado_en` from ((((`sp_cita` `cita` join `sp_paciente` `paciente` on(`cita`.`id_paciente` = `paciente`.`id_paciente`)) join `sp_persona` `persona_paciente` on(`persona_paciente`.`id_persona` = `paciente`.`id_paciente`)) join `sp_odontologo` `odontologo` on(`cita`.`id_odontologo` = `odontologo`.`id_odontologo`)) join `sp_persona` `persona_odontologo` on(`odontologo`.`id_odontologo` = `persona_odontologo`.`id_persona`));

INSERT INTO `sp_view_cita` VALUES (6,2,"Restauracion","El paciente lleva una fisura en sus dientes","2021-06-17","14:00:00","14:30:00","Gratuito","ATENDIDA",1,16,"Vladimir Cachi Villanueva","76454738 LP",14,"Wilmer Hernando Gamboa Mayta","10907085 LP","2021-07-03 20:25:23"),
(9,2,"Endodoncia","El paciente lleva tiene que someterse a una endodoncia","2021-06-03","11:00:00","11:30:00","Gratuito","ATENDIDA",1,17,"Javier Yurem Flores Mamani","10907856 LP",14,"Wilmer Hernando Gamboa Mayta","10907085 LP","2021-07-04 02:15:25"),
(10,4,"Endodoncia","el paciente tiene infecciones en los dientes","2021-06-07","08:00:00","08:30:00","Gratuito","ATENDIDA",1,17,"Javier Yurem Flores Mamani","10907856 LP",14,"Wilmer Hernando Gamboa Mayta","10907085 LP","2021-07-04 02:17:11"),
(12,2,"Prevencion","prevencion","2021-06-15","14:00:00","14:30:00","Gratuito","ATENDIDA",1,18,"Alina Silvia Colque Yujra","14785896 LP",14,"Wilmer Hernando Gamboa Mayta","10907085 LP","2021-07-04 02:36:32"),
(14,2,"Prevencion","prevencion","2021-06-15","15:00:00","15:30:00","Gratuito","ATENDIDA",1,19,"Zulma Apaza Calle","7856932 LP",14,"Wilmer Hernando Gamboa Mayta","10907085 LP","2021-07-04 02:51:06"),
(16,2,"Periodoncia","periodoncia","2021-06-17","14:30:00","15:00:00","Gratuito","ATENDIDA",1,21,"Rosse Mary Encinas Copaja","14785897 LP",14,"Wilmer Hernando Gamboa Mayta","10907085 LP","2021-07-04 03:09:26"),
(18,4,"Restauracion","restauracion","2021-06-24","17:00:00","17:30:00","Gratuito","ATENDIDA",1,22,"Vicenta Saca Marca","25896312 LP",14,"Wilmer Hernando Gamboa Mayta","10907085 LP","2021-07-04 03:14:34"),
(20,4,"Restauracion","restauracion","2021-06-22","16:00:00","16:30:00","Gratuito","ATENDIDA",1,24,"Julia Lovera Gonzales","7845346 LP",14,"Wilmer Hernando Gamboa Mayta","10907085 LP","2021-07-04 03:35:43"),
(22,4,"Cirujia Bucal","cirugia bucal al paciente","2021-06-29","16:00:00","16:30:00","Gratuito","ATENDIDA",1,25,"Rosa Saca Condori","87867889 LP",14,"Wilmer Hernando Gamboa Mayta","10907085 LP","2021-07-04 03:45:29"),
(23,2,"Periodoncia","periodoncia","2021-06-18","10:00:00","10:30:00","Gratuito","ATENDIDA",1,26,"Maribel Pablo Mamani","76887383 LP",14,"Wilmer Hernando Gamboa Mayta","10907085 LP","2021-07-04 03:55:36"),
(7,4,"Endodoncia","El paciente debe hacer un tratamiento de endodoncia","2021-06-01","08:00:00","08:30:00","Gratuito","ATENDIDA",1,16,"Vladimir Cachi Villanueva","76454738 LP",15,"Carlos Enrique Flores Mamani","91678901 LP","2021-07-03 22:58:51"),
(8,6,"Endodoncia","El paciente debe hacer un tratamiento de endodoncia","2021-06-10","08:00:00","08:30:00","Gratuito","ATENDIDA",1,16,"Vladimir Cachi Villanueva","76454738 LP",15,"Carlos Enrique Flores Mamani","91678901 LP","2021-07-03 22:58:51"),
(11,6,"Cirujia Bucal","cirujia bucal","2021-06-21","10:30:00","14:00:00","Gratuito","ATENDIDA",1,17,"Javier Yurem Flores Mamani","10907856 LP",15,"Carlos Enrique Flores Mamani","91678901 LP","2021-07-04 02:18:59"),
(13,4,"Cirujia Bucal","cirugia bucal","2021-06-21","16:00:00","16:30:00","Gratuito","ATENDIDA",1,18,"Alina Silvia Colque Yujra","14785896 LP",15,"Carlos Enrique Flores Mamani","91678901 LP","2021-07-04 02:46:03"),
(15,3,"Prevencion","prevencion","2021-06-16","08:30:00","09:00:00","Gratuito","ATENDIDA",1,20,"Gualberto Chambi Bautista","7673766 LP",15,"Carlos Enrique Flores Mamani","91678901 LP","2021-07-04 02:52:22"),
(17,2,"Prevencion","prevencion","2021-06-18","14:00:00","14:30:00","Gratuito","ATENDIDA",1,22,"Vicenta Saca Marca","25896312 LP",15,"Carlos Enrique Flores Mamani","91678901 LP","2021-07-04 03:12:54"),
(19,2,"Prevencion","prevencion","2021-06-17","08:00:00","08:30:00","Gratuito","ATENDIDA",1,24,"Julia Lovera Gonzales","7845346 LP",15,"Carlos Enrique Flores Mamani","91678901 LP","2021-07-04 03:34:39"),
(21,2,"Prevencion","prevencion","2021-06-15","11:00:00","11:30:00","Gratuito","ATENDIDA",1,25,"Rosa Saca Condori","87867889 LP",15,"Carlos Enrique Flores Mamani","91678901 LP","2021-07-04 03:43:27"),
(24,4,"Prevencion","hacer una prevencion de dientes","2021-06-21","16:30:00","17:00:00","Gratuito","ATENDIDA",1,26,"Maribel Pablo Mamani","76887383 LP",15,"Carlos Enrique Flores Mamani","91678901 LP","2021-07-04 03:56:47");


DROP TABLE IF EXISTS `sp_view_odontologo`;

CREATE ALGORITHM=UNDEFINED DEFINER=`root`@`localhost` SQL SECURITY DEFINER VIEW `sp_view_odontologo` AS select `p`.`id_persona` AS `id_persona`,concat(`p`.`ci`,' ',`p`.`expedido`) AS `ci_exp`,concat(`p`.`nombres`,' ',`p`.`paterno`,' ',`p`.`materno`) AS `nombre_completo`,`p`.`telefono_celular` AS `telefono_celular`,`p`.`fecha_nacimiento` AS `fecha_nacimiento`,`p`.`domicilio` AS `domicilio`,`o`.`turno` AS `turno`,`o`.`gestion_ingreso` AS `gestion_ingreso`,`p`.`estatus` AS `estatus`,`p`.`estado` AS `estado`,`p`.`creado_en` AS `creado_en` from (`sp_persona` `p` join `sp_odontologo` `o` on(`p`.`id_persona` = `o`.`id_odontologo`));

INSERT INTO `sp_view_odontologo` VALUES (14,"10907085 LP","Wilmer Hernando Gamboa Mayta",77281461,"1985-03-22","Miraflores","MAÑANA-TARDE",2019,"ACTIVO",1,"2021-07-03 20:09:36"),
(15,"91678901 LP","Carlos Enrique Flores Mamani",73540461,"1990-03-22","Ventilla","MAÑANA",2020,"ACTIVO",1,"2021-07-03 20:12:56");


DROP TABLE IF EXISTS `sp_view_paciente`;

CREATE ALGORITHM=UNDEFINED DEFINER=`root`@`localhost` SQL SECURITY DEFINER VIEW `sp_view_paciente` AS select `p`.`id_persona` AS `id_persona`,concat(`p`.`ci`,' ',`p`.`expedido`) AS `ci_exp`,concat(`p`.`nombres`,' ',`p`.`paterno`,' ',`p`.`materno`) AS `nombre_completo`,`p`.`sexo` AS `sexo`,`p`.`lugar_nacimiento` AS `lugar_nacimiento`,`p`.`telefono_celular` AS `telefono_celular`,`p`.`fecha_nacimiento` AS `fecha_nacimiento`,`p`.`domicilio` AS `domicilio`,`o`.`id_ocupacion` AS `id_ocupacion`,`o`.`nombre` AS `ocupacion`,`p`.`estatus` AS `estatus`,`p`.`estado` AS `estado`,`p`.`creado_en` AS `creado_en` from ((`sp_persona` `p` join `sp_paciente` `pa` on(`p`.`id_persona` = `pa`.`id_paciente`)) join `sp_ocupacion` `o` on(`pa`.`id_ocupacion` = `o`.`id_ocupacion`));

INSERT INTO `sp_view_paciente` VALUES (29,"65756574 LP","Agustin Felipe Choque","masculino","Union Villa Pampa",67564647,"1964-09-30","Union Villa Pamp",1,"albañil","ACTIVO",1,"2021-07-04 19:10:13"),
(35,"89775784 LP","Teresa Hilaquita Tola","femenino","tolawilque",74647464,"1976-06-16","tolawilque",1,"albañil","ACTIVO",1,"2021-07-04 19:23:17"),
(99,"17161817 LP","David Tola Yampara","masculino","tolawilque",74647474,"1983-06-29","tolawilque",1,"albañil","ACTIVO",1,"2021-07-04 21:40:23"),
(103,"82828370 LP","Enrique Tola Yampara","masculino","tolawilque",74647464,"1981-04-16","tolawilque",1,"albañil","ACTIVO",1,"2021-07-04 21:45:52"),
(107,"7654090 LP","Francisco Apaza Gutierrez","masculino","san pedro de curahuara",64747474,"1983-08-21","san pedro de curahuara",1,"albañil","ACTIVO",1,"2021-07-04 21:51:52"),
(109,"7675789 OR","Fidel Chambi Saca","masculino","Union Villa Pampa",72527745,"1951-04-24","union villa pampa",1,"albañil","ACTIVO",1,"2021-07-04 21:55:49"),
(16,"76454738 LP","Vladimir Cachi Villanueva","masculino","villa potosi",77676873,"1992-12-12","villa potosi",6,"Agricultor","ACTIVO",1,"2021-07-03 20:22:31"),
(22,"25896312 LP","Vicenta Saca Marca","femenino","sacacani",6737678,"1982-09-26","sacacani",6,"Agricultor","ACTIVO",1,"2021-07-04 03:06:14"),
(40,"8990066 LP","Vicente Condori Huanca","masculino","villa potosi",74647464,"1936-04-06","villa potosi",6,"Agricultor","ACTIVO",1,"2021-07-04 19:32:03"),
(41,"78585857 LP","Lucio Copaja Mamani","masculino","villa pampa",75857585,"1964-07-17","villa pampa",6,"Agricultor","ACTIVO",1,"2021-07-04 19:33:56"),
(42,"8768680 LP","Eustaquio Vasquez Hilaquita","masculino","tolawilque",75758578,"1950-03-28","tolawilque",6,"Agricultor","ACTIVO",1,"2021-07-04 19:35:48"),
(46,"98595850 LP","Roman Basilio Ajno Choque","masculino","acoaconi",74484748,"1975-05-21","acoaconi",6,"Agricultor","ACTIVO",1,"2021-07-04 19:42:56"),
(80,"74648474 LP","Beymar Leonardo Quispe","masculino","villa potosi",78484849,"1973-09-07","villa potosi",6,"Agricultor","ACTIVO",1,"2021-07-04 21:07:50"),
(81,"74648471 LP","Beymar Leonardo Quispe","masculino","villa potosi",78484849,"1973-09-07","villa potosi",6,"Agricultor","ACTIVO",1,"2021-07-04 21:08:29"),
(23,"14785898 LP","Tereza Hilaquita Tola","femenino","tolawilque",67453678,"1976-07-16","tolawilque",14,"Ama de casa","ACTIVO",1,"2021-07-04 03:08:23"),
(24,"7845346 LP","Julia Lovera Gonzales","femenino","san pedro de curahuara",67474847,"1970-07-23","san pedro de curahuara",14,"Ama de casa","ACTIVO",1,"2021-07-04 03:33:37"),
(28,"6454664 LP","Lidia Calle Ajno","femenino","villa potosi",76589576,"1964-08-03","Union Villa Pampa",14,"Ama de casa","ACTIVO",1,"2021-07-04 19:08:03"),
(30,"6454647 LP","Adela Chambi Flores","femenino","villa potosi",64746747,"1954-07-14","Villa Potosi",14,"Ama de casa","ACTIVO",1,"2021-07-04 19:11:55"),
(32,"64454736 LP","Alicia Colque Colque","femenino","siwayruta",646474647,"1998-07-30","siwayruta",14,"Ama de casa","ACTIVO",1,"2021-07-04 19:15:22"),
(39,"1129078 LP","Aurora Tola Choque","femenino","tika belen",64746747,"1952-08-11","tika belen",14,"Ama de casa","ACTIVO",1,"2021-07-04 19:30:32"),
(55,"9784837 LP","Emilia Pablo Saca","femenino","tolawilque",74647464,"1970-01-02","tolawilque",14,"Ama de casa","ACTIVO",1,"2021-07-04 19:56:49"),
(66,"7894849 LP","Emma Colque Mamani","femenino","siwayruta",74647470,"1979-01-20","siwayruta",14,"Ama de casa","ACTIVO",1,"2021-07-04 20:19:14"),
(79,"13090883 LP","Regina Tarquino Vila","femenino","acoaconi",68578780,"1973-09-07","acoaconi",14,"Ama de casa","ACTIVO",1,"2021-07-04 20:42:25"),
(83,"90948494 LP","Rosmery Quispecahuana Loza","femenino","villa potosi",67544344,"1980-12-26","villa potosi",14,"Ama de casa","ACTIVO",1,"2021-07-04 21:11:56"),
(88,"123577880 LP","Susana Felipe Luna","femenino","Union Villa Pampa",77748476,"1973-06-30","Union Villa Pampa",14,"Ama de casa","ACTIVO",1,"2021-07-04 21:20:08"),
(89,"10987546 LP","Isabela Cruz De Ajno","femenino","tika belen",76746478,"1950-02-20","tika belen",14,"Ama de casa","ACTIVO",1,"2021-07-04 21:21:31"),
(90,"10205076 LP","Herminia Flores Ramirez","femenino","Union Villa Pampa",64746477,"1976-06-30","Union Villa Pampa",14,"Ama de casa","ACTIVO",1,"2021-07-04 21:22:48"),
(100,"75663789 LP","Emiliana Copaja Tola","femenino","tolawilque",71545356,"1987-08-17","tolawilque",14,"Ama de casa","ACTIVO",1,"2021-07-04 21:41:58"),
(101,"175273637 LP","Carmen Vasquez Pablo","femenino","tolawilque",73637637,"1984-06-14","tolawilque",14,"Ama de casa","ACTIVO",1,"2021-07-04 21:43:07"),
(102,"17527300 LP","Carmen Vasquez Pablo","femenino","tolawilque",73637637,"1984-06-14","tolawilque",14,"Ama de casa","ACTIVO",1,"2021-07-04 21:43:55"),
(104,"10902038 LP","Aurora Tola Choque","femenino","san pedro de curahuara",73637638,"1952-08-11","san pedro de curahuara ",14,"Ama de casa","ACTIVO",1,"2021-07-04 21:47:22"),
(105,"18737637 LP","Florinda Tola Copaja","femenino","Union Villa Pampa",73637363,"1978-09-10","Union Villa Pampa",14,"Ama de casa","ACTIVO",1,"2021-07-04 21:48:52"),
(111,"8974748 LP","Videlia Laura Condori","femenino","acoaconi",67455678,"2006-10-13","acoaconi",14,"Ama de casa","ACTIVO",1,"2021-07-04 21:58:46"),
(112,"14356636 LP","Cristina Pablo Chambi","femenino","villa potosi",76474648,"1949-06-11","villa potosi",14,"Ama de casa","ACTIVO",1,"2021-07-04 22:00:58"),
(114,"90879685 LP","Leandra Vasquez Barco","femenino","tolawilque",67646468,"1932-02-21","tolawilque",14,"Ama de casa","ACTIVO",1,"2021-07-04 22:04:34"),
(115,"9087960 LP","Leandra Vasquez Barco","femenino","tolawilque",67646468,"1932-02-21","tolawilque",14,"Ama de casa","ACTIVO",1,"2021-07-04 22:05:15"),
(117,"10907857 LP","Filomena Hilaquita Calle","femenino","tolawilque",76474688,"1986-04-18","tolawilque",14,"Ama de casa","ACTIVO",1,"2021-07-04 22:09:01"),
(37,"65756571 LP","Elena Alave Chura","femenino","siwayruta",64746476,"1969-07-15","siwayruta",15,"Ama de crianza","ACTIVO",1,"2021-07-04 19:26:46"),
(53,"79686905 LP","Osacar Saca Chambi","masculino","tika belen",78657570,"1990-06-30","tika belen",19,"Arquitecto del paisaje","ACTIVO",1,"2021-07-04 19:53:18"),
(63,"1230987 LP","Carlos Gonzales Alarcon","masculino","san pedro de curahuara",74748474,"1968-05-26","san pedro de curahuara",59,"Curandero","ACTIVO",1,"2021-07-04 20:14:45"),
(17,"10907856 LP","Javier Yurem Flores Mamani","masculino","acoaconi",67333533,"2016-02-22","acoaconi",66,"Estudiante","ACTIVO",1,"2021-07-04 02:13:13"),
(18,"14785896 LP","Alina Silvia Colque Yujra","femenino","siwayruta",67333533,"2016-06-24","siwayruta",66,"Estudiante","ACTIVO",1,"2021-07-04 02:34:27"),
(19,"7856932 LP","Zulma Apaza Calle","femenino","san pedro de curahuara",76756788,"1996-04-23","san pedro de curahuara",66,"Estudiante","ACTIVO",1,"2021-07-04 02:48:11"),
(21,"14785897 LP","Rosse Mary Encinas Copaja","femenino","tika belen",65747488,"2006-06-29","tika belen",66,"Estudiante","ACTIVO",1,"2021-07-04 03:04:12"),
(25,"87867889 LP","Rosa Saca Condori","femenino","tika belen",76376737,"2006-10-30","tika belen",66,"Estudiante","ACTIVO",1,"2021-07-04 03:42:20"),
(26,"76887383 LP","Maribel Pablo Mamani","femenino","nequejavira",64774474,"1998-05-04","nequejavira",66,"Estudiante","ACTIVO",1,"2021-07-04 03:54:36"),
(27,"94476584 LP","Rossi Saca Tola","femenino","Vilacota",64746474,"2011-11-25","Vilacota",66,"Estudiante","ACTIVO",1,"2021-07-04 19:05:41"),
(31,"8765783 LP","Diego Poca Flores","masculino","acoaconi",65756474,"2017-02-06","acoaconi",66,"Estudiante","ACTIVO",1,"2021-07-04 19:14:03"),
(33,"89686879 LP","Judith Saca Flores","femenino","san pedro de curahuara",65756574,"2013-12-27","san pedro de curahuara",66,"Estudiante","ACTIVO",1,"2021-07-04 19:20:01"),
(34,"11746474 LP","Nestor Saca Saca","masculino","tika belen",65464774,"2019-01-11","tika belen",66,"Estudiante","ACTIVO",1,"2021-07-04 19:21:36"),
(36,"64746474 LP","Michel Eva Vilca Gutierrez","femenino","acoaconi",64746474,"2010-05-26","acoaconi",66,"Estudiante","ACTIVO",1,"2021-07-04 19:25:13"),
(38,"6474609 LP","Gonzalo Hilaquita Rios","masculino","tolawilque",64746477,"2004-01-26","tolawilque",66,"Estudiante","ACTIVO",1,"2021-07-04 19:28:24"),
(43,"94849480 LP","Nayeli Salinas Colque","femenino","tika belen",67474647,"2016-03-12","tika belen",66,"Estudiante","ACTIVO",1,"2021-07-04 19:37:34"),
(44,"10908980 LP","Ariana Ajno Felipe","femenino","acoaconi",74647464,"2004-06-30","acoaconi",66,"Estudiante","ACTIVO",1,"2021-07-04 19:39:00"),
(45,"85758548 LP","Zulema Ajno Felipe","femenino","siwayruta",74647456,"2012-04-05","siwayruta",66,"Estudiante","ACTIVO",1,"2021-07-04 19:41:31"),
(47,"9484948 LP","Franz Elvis Luna Condori","masculino","villa potosi",78756489,"2015-01-07","villa potosi",66,"Estudiante","ACTIVO",1,"2021-07-04 19:44:45"),
(48,"90786969 LP","Videlia Luna Condori","femenino","villa potosi",75857549,"2006-10-13","villa potosi",66,"Estudiante","ACTIVO",1,"2021-07-04 19:46:08"),
(49,"74847484 LP","Jhon Oliver Luna Condori","masculino","villa potosi",7657565,"2006-10-13","villa potosi",66,"Estudiante","ACTIVO",1,"2021-07-04 19:47:44"),
(50,"9007879 LP","Cenayda Luna Condori","femenino","villa potosi",7686768,"2010-06-26","villa potosi",66,"Estudiante","ACTIVO",1,"2021-07-04 19:49:02"),
(52,"75758578 LP","Maria Alave Chambi","femenino","siwayruta",74756574,"1991-09-02","siwayruta",66,"Estudiante","ACTIVO",1,"2021-07-04 19:51:47"),
(54,"12909098 LP","Matias Salinas Colque","masculino","san pedro de curahuara",74647474,"2020-01-09","san pedro de curahuara",66,"Estudiante","ACTIVO",1,"2021-07-04 19:55:06"),
(56,"92187383 LP","Delia Saca Gregorio","femenino","tika belen",74746484,"2011-11-30","tika belen",66,"Estudiante","ACTIVO",1,"2021-07-04 19:58:14"),
(57,"77575857 LP","Nayeli Saca Gregorio","femenino","tika belen",7464746,"2009-11-29","tika belen",66,"Estudiante","ACTIVO",1,"2021-07-04 19:59:44"),
(58,"84748478 LP","Giovana Mamani Mamani","femenino","tolawilque",74647464,"1996-07-01","tolawilque",66,"Estudiante","ACTIVO",1,"2021-07-04 20:01:15"),
(59,"18738373 LP","Cenayda Copaja Flores","femenino","villa potosi",746474647,"2011-07-03","villa potosi",66,"Estudiante","ACTIVO",1,"2021-07-04 20:02:53"),
(60,"12357657 LP","Roberth Pablo Tola","masculino","siwayruta",76754647,"2012-12-16","siwayruta",66,"Estudiante","ACTIVO",1,"2021-07-04 20:04:08"),
(61,"74847480 LP","Roosy Tatiana Tola Callejas","femenino","tolawilque",67464746,"2005-10-25","tolawilque",66,"Estudiante","ACTIVO",1,"2021-07-04 20:05:57"),
(62,"74847400 LP","Deysi Tola Chambi","femenino","tolawilque",75657578,"2004-09-08","tolawilque",66,"Estudiante","ACTIVO",1,"2021-07-04 20:12:24"),
(64,"98847484 LP","Leonardo Santo Quiroz","masculino","san pedro de curahuara",74648478,"1996-01-29","san pedro de curahuara",66,"Estudiante","ACTIVO",1,"2021-07-04 20:16:02"),
(67,"98074840 LP","Giovana Laura Amaru","femenino","san pedro de curahuara",74648474,"1991-07-25","san pedro de curahuara",66,"Estudiante","ACTIVO",1,"2021-07-04 20:24:52"),
(68,"90807908 LP","Juan Soliz Villca","masculino","san pedro de curahuara",74748487,"1991-07-25","san pedro de curahuara",66,"Estudiante","ACTIVO",1,"2021-07-04 20:26:44"),
(69,"67895858 LP","Fabiola Zolis Terrazas","femenino","villa potosi",76757890,"2005-10-21","villa potosi",66,"Estudiante","ACTIVO",1,"2021-07-04 20:28:09"),
(70,"7898587 LP","Doris Canaviri Aleluya","femenino","Vilacota",78689099,"2009-09-20","vilacota",66,"Estudiante","ACTIVO",1,"2021-07-04 20:29:36"),
(71,"67578809 LP","Ever Copaja Hilaquita","masculino","tolawilque",67333530,"2009-07-23","tolawilque",66,"Estudiante","ACTIVO",1,"2021-07-04 20:31:20"),
(72,"74647464 LP","Omar Aleluya Mamani","masculino","nequejavira",78609008,"2010-03-30","nequejavira",66,"Estudiante","ACTIVO",1,"2021-07-04 20:33:30"),
(73,"12990087 LP","Andres Alvarado Aleluya","masculino","nequejavira",64746484,"2008-11-20","nequejavira",66,"Estudiante","ACTIVO",1,"2021-07-04 20:34:47"),
(74,"64846480 LP","Ely Mamani Guarachi","femenino","nequejavira",78474844,"2015-10-15","nequejavira",66,"Estudiante","ACTIVO",1,"2021-07-04 20:35:54"),
(75,"90857589 LP","Juan Apaza Lovera","masculino","san pedro de curahuara",78448479,"2015-10-15","san pedro de curahuara",66,"Estudiante","ACTIVO",1,"2021-07-04 20:37:02"),
(76,"90585895 LP","Genara Chuquimia Catacora","femenino","san pedro de curahuara",75647565,"1951-06-30","san pedro de curahuara",66,"Estudiante","ACTIVO",1,"2021-07-04 20:38:27"),
(77,"74746484 LP","Ronald Apaza Casilla","masculino","san pedro de curahuara",74648474,"2007-12-07","san pedro de curahuara",66,"Estudiante","ACTIVO",1,"2021-07-04 20:39:35"),
(78,"85700904 LP","Efrain Cachi Barco","masculino","acoaconi",78575890,"2010-08-12","acoaconi",66,"Estudiante","ACTIVO",1,"2021-07-04 20:40:50"),
(82,"90899091 LP","Rous Leonardo Quispe","femenino","villa potosi",67748473,"2017-07-21","villa potosi",66,"Estudiante","ACTIVO",1,"2021-07-04 21:10:10"),
(84,"89097890 LP","Sandra Mamani Mamani","femenino","tolawilque",7899996,"2013-02-19","tolawilque",66,"Estudiante","ACTIVO",1,"2021-07-04 21:13:30"),
(85,"12355433 LP","Lizeth Zambrana Saca","femenino","Vilacota",67454433,"2015-11-22","vilacota",66,"Estudiante","ACTIVO",1,"2021-07-04 21:14:54"),
(86,"84748740 LP","Leydi Aleluya Orellana","femenino","tika belen",7895567,"2017-04-21","tika belen",66,"Estudiante","ACTIVO",1,"2021-07-04 21:16:14"),
(87,"74640093 LP","Ederson Terrazas Mamani","masculino","nequejavira",7654098,"2015-07-22","nequejavira",66,"Estudiante","ACTIVO",1,"2021-07-04 21:18:02"),
(91,"98776778 LP","Alex Chambi Flores","masculino","Union Villa Pampa",74647464,"2011-03-22","Union Villa Pampa",66,"Estudiante","ACTIVO",1,"2021-07-04 21:23:49"),
(92,"78687879 LP","Willy Chambi Flores","masculino","Union Villa Pampa",78690003,"2013-12-20","Union Villa Pampa",66,"Estudiante","ACTIVO",1,"2021-07-04 21:25:39"),
(93,"74648400 LP","Yhosmil Escobar Encinas","masculino","tika belen",746474644,"2010-10-23","tika belen",66,"Estudiante","ACTIVO",1,"2021-07-04 21:27:08"),
(94,"78474848 LP","Ana Maria Hilaquita Laura","masculino","villa potosi",74464784,"2015-01-04","villa potosi",66,"Estudiante","ACTIVO",1,"2021-07-04 21:28:28"),
(95,"17673647 LP","Mayte Tola Chambi","femenino","tolawilque",71873673,"2016-06-27","tolawilque",66,"Estudiante","ACTIVO",1,"2021-07-04 21:34:25"),
(96,"14562626 LP","Maria Tola Callejas","femenino","acoaconi",73456622,"2015-01-04","acoaconi",66,"Estudiante","ACTIVO",1,"2021-07-04 21:35:40"),
(97,"19973738 LP","Sara Mikaela Tola Chambi","femenino","tolawilque",71653635,"2010-05-30","tolawilque",66,"Estudiante","ACTIVO",1,"2021-07-04 21:37:04"),
(98,"16763833 LP","Deymar Tola Hilaquita","masculino","tolawilque",71656567,"2016-12-02","tolawilque",66,"Estudiante","ACTIVO",1,"2021-07-04 21:38:57"),
(106,"17542535 LP","Genoveva Copaja Casilla","femenino","san pedro de curahuara",73373637,"2001-01-03","san pedro de curahuara",66,"Estudiante","ACTIVO",1,"2021-07-04 21:50:22"),
(108,"17638637 LP","Mariana Ajno Felipe","femenino","Union Villa Pampa",7626908,"2017-01-17","san pedro de curahuara",66,"Estudiante","ACTIVO",1,"2021-07-04 21:54:22"),
(110,"63736378 LP","Mary Luz Terrazas Mamani","femenino","nequejavira",74647478,"2008-08-08","nequejavira",66,"Estudiante","ACTIVO",1,"2021-07-04 21:57:11"),
(113,"9897688 LP","Roly Tusco Huanca","masculino","villa potosi",76549844,"2010-10-28","villa potosi",66,"Estudiante","ACTIVO",1,"2021-07-04 22:02:45"),
(116,"19839380 LP","Adan Mamani Casilla","masculino","san pedro de curahuara",67464646,"2003-03-27","san pedro de curahura",66,"Estudiante","ACTIVO",1,"2021-07-04 22:06:53"),
(20,"7673766 LP","Gualberto Chambi Bautista","masculino","chambi chico",73540462,"1970-07-16","chambi chico",115,"Profesor","ACTIVO",1,"2021-07-04 02:49:54"),
(65,"134567588 LP","Mario Alave Colque","masculino","siwayruta",65363780,"1970-06-03","siwayruta",115,"Profesor","ACTIVO",1,"2021-07-04 20:17:47"),
(51,"7575857 LP","Edwin Saca Chambi","masculino","Union Villa Pampa",65756570,"1981-04-02","Union Villa Pampa",119,"Profesional","ACTIVO",1,"2021-07-04 19:50:26");


DROP TABLE IF EXISTS `sp_view_paciente_cita`;

CREATE ALGORITHM=UNDEFINED DEFINER=`root`@`localhost` SQL SECURITY DEFINER VIEW `sp_view_paciente_cita` AS select `p`.`id_persona` AS `id_persona`,concat(`p`.`ci`,' ',`p`.`expedido`) AS `ci_exp`,concat('Cita Nro',' ',`c`.`numero_cita`) AS `numero_cita`,concat(`p`.`nombres`,' ',`p`.`paterno`,' ',`p`.`materno`) AS `nombre_completo`,`p`.`sexo` AS `sexo`,`p`.`lugar_nacimiento` AS `lugar_nacimiento`,`p`.`telefono_celular` AS `telefono_celular`,`p`.`fecha_nacimiento` AS `fecha_nacimiento`,`p`.`domicilio` AS `domicilio`,`o`.`id_ocupacion` AS `id_ocupacion`,`o`.`nombre` AS `ocupacion`,`p`.`estatus` AS `estatus`,`p`.`estado` AS `estado`,`p`.`creado_en` AS `creado_en`,`c`.`id_cita` AS `id_cita` from (((`sp_persona` `p` join `sp_paciente` `pa` on(`p`.`id_persona` = `pa`.`id_paciente`)) join `sp_ocupacion` `o` on(`pa`.`id_ocupacion` = `o`.`id_ocupacion`)) join `sp_cita` `c` on(`c`.`id_paciente` = `pa`.`id_paciente`)) order by `p`.`id_persona`,concat('Cita Nro',' ',`c`.`numero_cita`) desc;

INSERT INTO `sp_view_paciente_cita` VALUES (16,"76454738 LP","Cita Nro 6","Vladimir Cachi Villanueva","masculino","villa potosi",77676873,"1992-12-12","villa potosi",6,"Agricultor","ACTIVO",1,"2021-07-03 20:22:31",8),
(16,"76454738 LP","Cita Nro 4","Vladimir Cachi Villanueva","masculino","villa potosi",77676873,"1992-12-12","villa potosi",6,"Agricultor","ACTIVO",1,"2021-07-03 20:22:31",7),
(16,"76454738 LP","Cita Nro 2","Vladimir Cachi Villanueva","masculino","villa potosi",77676873,"1992-12-12","villa potosi",6,"Agricultor","ACTIVO",1,"2021-07-03 20:22:31",6),
(17,"10907856 LP","Cita Nro 6","Javier Yurem Flores Mamani","masculino","acoaconi",67333533,"2016-02-22","acoaconi",66,"Estudiante","ACTIVO",1,"2021-07-04 02:13:13",11),
(17,"10907856 LP","Cita Nro 4","Javier Yurem Flores Mamani","masculino","acoaconi",67333533,"2016-02-22","acoaconi",66,"Estudiante","ACTIVO",1,"2021-07-04 02:13:13",10),
(17,"10907856 LP","Cita Nro 2","Javier Yurem Flores Mamani","masculino","acoaconi",67333533,"2016-02-22","acoaconi",66,"Estudiante","ACTIVO",1,"2021-07-04 02:13:13",9),
(18,"14785896 LP","Cita Nro 4","Alina Silvia Colque Yujra","femenino","siwayruta",67333533,"2016-06-24","siwayruta",66,"Estudiante","ACTIVO",1,"2021-07-04 02:34:27",13),
(18,"14785896 LP","Cita Nro 2","Alina Silvia Colque Yujra","femenino","siwayruta",67333533,"2016-06-24","siwayruta",66,"Estudiante","ACTIVO",1,"2021-07-04 02:34:27",12),
(19,"7856932 LP","Cita Nro 2","Zulma Apaza Calle","femenino","san pedro de curahuara",76756788,"1996-04-23","san pedro de curahuara",66,"Estudiante","ACTIVO",1,"2021-07-04 02:48:11",14),
(20,"7673766 LP","Cita Nro 3","Gualberto Chambi Bautista","masculino","chambi chico",73540462,"1970-07-16","chambi chico",115,"Profesor","ACTIVO",1,"2021-07-04 02:49:54",15),
(21,"14785897 LP","Cita Nro 2","Rosse Mary Encinas Copaja","femenino","tika belen",65747488,"2006-06-29","tika belen",66,"Estudiante","ACTIVO",1,"2021-07-04 03:04:12",16),
(22,"25896312 LP","Cita Nro 4","Vicenta Saca Marca","femenino","sacacani",6737678,"1982-09-26","sacacani",6,"Agricultor","ACTIVO",1,"2021-07-04 03:06:14",18),
(22,"25896312 LP","Cita Nro 2","Vicenta Saca Marca","femenino","sacacani",6737678,"1982-09-26","sacacani",6,"Agricultor","ACTIVO",1,"2021-07-04 03:06:14",17),
(24,"7845346 LP","Cita Nro 4","Julia Lovera Gonzales","femenino","san pedro de curahuara",67474847,"1970-07-23","san pedro de curahuara",14,"Ama de casa","ACTIVO",1,"2021-07-04 03:33:37",20),
(24,"7845346 LP","Cita Nro 2","Julia Lovera Gonzales","femenino","san pedro de curahuara",67474847,"1970-07-23","san pedro de curahuara",14,"Ama de casa","ACTIVO",1,"2021-07-04 03:33:37",19),
(25,"87867889 LP","Cita Nro 4","Rosa Saca Condori","femenino","tika belen",76376737,"2006-10-30","tika belen",66,"Estudiante","ACTIVO",1,"2021-07-04 03:42:20",22),
(25,"87867889 LP","Cita Nro 2","Rosa Saca Condori","femenino","tika belen",76376737,"2006-10-30","tika belen",66,"Estudiante","ACTIVO",1,"2021-07-04 03:42:20",21),
(26,"76887383 LP","Cita Nro 4","Maribel Pablo Mamani","femenino","nequejavira",64774474,"1998-05-04","nequejavira",66,"Estudiante","ACTIVO",1,"2021-07-04 03:54:36",24),
(26,"76887383 LP","Cita Nro 2","Maribel Pablo Mamani","femenino","nequejavira",64774474,"1998-05-04","nequejavira",66,"Estudiante","ACTIVO",1,"2021-07-04 03:54:36",23);


DROP TABLE IF EXISTS `sp_view_tratamiento_alergias`;

CREATE ALGORITHM=UNDEFINED DEFINER=`root`@`localhost` SQL SECURITY DEFINER VIEW `sp_view_tratamiento_alergias` AS select `tratamiento_alergias`.`id_alergia` AS `id_alergia`,`tratamiento_alergias`.`nombre_alergia` AS `nombre_alergia`,`tratamiento_alergias`.`detalle` AS `detalle`,`paciente`.`id_paciente` AS `id_paciente`,concat(`persona_paciente`.`nombres`,' ',`persona_paciente`.`paterno`,' ',`persona_paciente`.`materno`) AS `nombre_paciente`,concat(`persona_paciente`.`ci`,' ',`persona_paciente`.`expedido`) AS `ci_paciente`,`tratamiento_alergias`.`creado_en` AS `creado_en` from ((`sp_tratamiento_alergias` `tratamiento_alergias` join `sp_paciente` `paciente` on(`tratamiento_alergias`.`id_paciente` = `paciente`.`id_paciente`)) join `sp_persona` `persona_paciente` on(`persona_paciente`.`id_persona` = `paciente`.`id_paciente`));

INSERT INTO `sp_view_tratamiento_alergias` VALUES (5,"Paracetamol","el paciente tiene alergia a las tabletas",16,"Vladimir Cachi Villanueva","76454738 LP","2021-07-03 21:22:20");


DROP TABLE IF EXISTS `sp_view_tratamiento_consulta`;

CREATE ALGORITHM=UNDEFINED DEFINER=`root`@`localhost` SQL SECURITY DEFINER VIEW `sp_view_tratamiento_consulta` AS select `tratamiento_consulta`.`id_consulta` AS `id_consulta`,`tratamiento_consulta`.`tratamiento` AS `tratamiento`,`tratamiento_consulta`.`motivo_tratamiento` AS `motivo_tratamiento`,`tratamiento_consulta`.`alergico_medicamento` AS `alergico_medicamento`,`tratamiento_consulta`.`cual_medicamento` AS `cual_medicamento`,`tratamiento_consulta`.`alguna_cirugia` AS `alguna_cirugia`,`tratamiento_consulta`.`porque` AS `porque`,`tratamiento_consulta`.`alguna_enfermedad` AS `alguna_enfermedad`,`tratamiento_consulta`.`cepilla_diente` AS `cepilla_diente`,`tratamiento_consulta`.`cuanto_dia` AS `cuanto_dia`,`paciente`.`id_paciente` AS `id_paciente`,concat(`persona_paciente`.`nombres`,' ',`persona_paciente`.`paterno`,' ',`persona_paciente`.`materno`) AS `nombre_paciente`,`tratamiento_consulta`.`creado_en` AS `creado_en` from ((`sp_tratamiento_consulta` `tratamiento_consulta` join `sp_paciente` `paciente` on(`tratamiento_consulta`.`id_paciente` = `paciente`.`id_paciente`)) join `sp_persona` `persona_paciente` on(`persona_paciente`.`id_persona` = `paciente`.`id_paciente`));

INSERT INTO `sp_view_tratamiento_consulta` VALUES (4,"no",NULL,"no",NULL,"no",NULL,"otras","si","2 veces al dia",16,"Vladimir Cachi Villanueva","2021-07-03 20:27:41"),
(5,"si","por extraccion","si","a los inyectables","no",NULL,"otras","si","3 veces al dia",17,"Javier Yurem Flores Mamani","2021-07-04 02:24:21"),
(6,"si","extraccion","no",NULL,"no",NULL,"otras","si","1 ves al dia",18,"Alina Silvia Colque Yujra","2021-07-04 02:38:48"),
(7,"no",NULL,"no",NULL,"no",NULL,"otras","si","2 veces al dia",19,"Zulma Apaza Calle","2021-07-04 02:54:49"),
(8,"no",NULL,"no",NULL,"no",NULL,"epatitis","si","2 veces",20,"Gualberto Chambi Bautista","2021-07-04 03:00:30"),
(9,"no",NULL,"no",NULL,"no",NULL,"otras","si","2 veces al dia",21,"Rosse Mary Encinas Copaja","2021-07-04 03:16:40"),
(10,"no",NULL,"no",NULL,"no",NULL,"asma","si","1 ves al dia",23,"Tereza Hilaquita Tola","2021-07-04 03:25:28"),
(11,"si","prevencion","no",NULL,"no",NULL,"diabetes","si","1 ves al dia",24,"Julia Lovera Gonzales","2021-07-04 03:37:19"),
(12,"si","prevencion de dientes","no",NULL,"no",NULL,"otras","si","2 veces al dia",25,"Rosa Saca Condori","2021-07-04 03:47:31"),
(13,"si","periodoncia","no",NULL,"no",NULL,"otras","si","3 veces al dia",26,"Maribel Pablo Mamani","2021-07-04 03:58:55");


DROP TABLE IF EXISTS `sp_view_tratamiento_enfermedad`;

CREATE ALGORITHM=UNDEFINED DEFINER=`root`@`localhost` SQL SECURITY DEFINER VIEW `sp_view_tratamiento_enfermedad` AS select `tratamiento_enfermedad`.`id_enfermedad` AS `id_enfermedad`,`tratamiento_enfermedad`.`tiempo_consulta` AS `tiempo_consulta`,`tratamiento_enfermedad`.`motivo_consulta` AS `motivo_consulta`,`tratamiento_enfermedad`.`sintomas_principales` AS `sintomas_principales`,`tratamiento_enfermedad`.`tomando_medicamentos` AS `tomando_medicamento`,`tratamiento_enfermedad`.`nombre_medicamento` AS `nombre_medicamento`,`tratamiento_enfermedad`.`motivo_medicamento` AS `motivo_medicamento`,`tratamiento_enfermedad`.`dosis_medicamento` AS `dosis_medicamento`,`paciente`.`id_paciente` AS `id_paciente`,concat(`persona_paciente`.`nombres`,' ',`persona_paciente`.`paterno`,' ',`persona_paciente`.`materno`) AS `nombre_paciente` from ((`sp_tratamiento_enfermedad` `tratamiento_enfermedad` join `sp_paciente` `paciente` on(`tratamiento_enfermedad`.`id_paciente` = `paciente`.`id_paciente`)) join `sp_persona` `persona_paciente` on(`persona_paciente`.`id_persona` = `paciente`.`id_paciente`));

INSERT INTO `sp_view_tratamiento_enfermedad` VALUES (5,"1 semana","dolor dental","temperatura y dolor","si"," paracetamol"," dolor "," 4",16,"Vladimir Cachi Villanueva"),
(6,"2 dias","cirugia bucal","dolor ","si","paracetamol","dolor",4,17,"Javier Yurem Flores Mamani"),
(7,"1 dia","prevencion","un poco de dolor","si"," "," "," ",18,"Alina Silvia Colque Yujra"),
(8,"2 dias","caries","minguna","si"," "," "," ",19,"Zulma Apaza Calle"),
(9,"1 semana","caries en los dientes","molestia en ocaciones","si","paracetamol "," resfrio"," 4",20,"Gualberto Chambi Bautista"),
(10,"1 dia","extracion","dolor","si"," refrianex"," resfrio"," 3",21,"Rosse Mary Encinas Copaja"),
(11,"2 dias","dolor de dientes","dolor","si"," "," "," ",23,"Tereza Hilaquita Tola"),
(12,"1 dia","restauracion","dolor dental","si"," "," "," ",24,"Julia Lovera Gonzales"),
(13,"3 dias","muela","dolor de dientes","si","paracetamol","resfrio",3,25,"Rosa Saca Condori"),
(14,"3 dias","molestia de diantes","dolor ","si","refrianex","resfrio",4,26,"Maribel Pablo Mamani");
